"","X","model","no.tips","tree.height","no.sim","sig2.1","sig2.2","sig2.cov","root.1","root.2","half.life","alpha.1","alpha.2","alpha.cov12","alpha.cov21","theta.1","theta.2","S.1","S.2","S.cov12","S.cov21","tip.sig2.1","tip.sig2.2","tip.sig2.cov","r.1","r.2","r.cov","slope.1","slope.2","slope.cov"
"1",1,"BM",20,10,50,1,0.5,0,0,0,NA,NA,NA,NA,NA,NA,NA,NA,NA,NA,NA,NA,NA,NA,NA,NA,NA,NA,NA,NA
"2",2,"BM",20,10,50,1,0.5,0.5,0,0,NA,NA,NA,NA,NA,NA,NA,NA,NA,NA,NA,NA,NA,NA,NA,NA,NA,NA,NA,NA
"3",3,"BM",20,10,50,1,0.5,-0.5,0,0,NA,NA,NA,NA,NA,NA,NA,NA,NA,NA,NA,NA,NA,NA,NA,NA,NA,NA,NA,NA
"4",4,"BM",50,10,50,1,0.5,0,0,0,NA,NA,NA,NA,NA,NA,NA,NA,NA,NA,NA,NA,NA,NA,NA,NA,NA,NA,NA,NA
"5",5,"BM",50,10,50,1,0.5,0.5,0,0,NA,NA,NA,NA,NA,NA,NA,NA,NA,NA,NA,NA,NA,NA,NA,NA,NA,NA,NA,NA
"6",6,"BM",50,10,50,1,0.5,-0.5,0,0,NA,NA,NA,NA,NA,NA,NA,NA,NA,NA,NA,NA,NA,NA,NA,NA,NA,NA,NA,NA
"7",7,"BM",100,10,50,1,0.5,0,0,0,NA,NA,NA,NA,NA,NA,NA,NA,NA,NA,NA,NA,NA,NA,NA,NA,NA,NA,NA,NA
"8",8,"BM",100,10,50,1,0.5,0.5,0,0,NA,NA,NA,NA,NA,NA,NA,NA,NA,NA,NA,NA,NA,NA,NA,NA,NA,NA,NA,NA
"9",9,"BM",100,10,50,1,0.5,-0.5,0,0,NA,NA,NA,NA,NA,NA,NA,NA,NA,NA,NA,NA,NA,NA,NA,NA,NA,NA,NA,NA
"10",10,"BM",150,10,50,1,0.5,0,0,0,NA,NA,NA,NA,NA,NA,NA,NA,NA,NA,NA,NA,NA,NA,NA,NA,NA,NA,NA,NA
"11",11,"BM",150,10,50,1,0.5,0.5,0,0,NA,NA,NA,NA,NA,NA,NA,NA,NA,NA,NA,NA,NA,NA,NA,NA,NA,NA,NA,NA
"12",12,"BM",150,10,50,1,0.5,-0.5,0,0,NA,NA,NA,NA,NA,NA,NA,NA,NA,NA,NA,NA,NA,NA,NA,NA,NA,NA,NA,NA
"13",13,"OU",20,10,50,1,0.5,0,0,0,2,0.346573590279973,0.173286795139986,0,0,0,0,NA,NA,NA,NA,NA,NA,NA,NA,NA,NA,NA,NA,NA
"14",14,"OU",20,10,50,1,0.5,0,0,0,2,0.346573590279973,0.173286795139986,0.12996509635499,0.12996509635499,0,0,NA,NA,NA,NA,NA,NA,NA,NA,NA,NA,NA,NA,NA
"15",15,"OU",20,10,50,1,0.5,0,0,0,2,0.346573590279973,0.173286795139986,-0.12996509635499,-0.12996509635499,0,0,NA,NA,NA,NA,NA,NA,NA,NA,NA,NA,NA,NA,NA
"16",16,"OU",20,10,50,1,0.5,0,0,0,2,0.346573590279973,0.173286795139986,0.12996509635499,0,0,0,NA,NA,NA,NA,NA,NA,NA,NA,NA,NA,NA,NA,NA
"17",17,"OU",20,10,50,1,0.5,0,0,0,10,0.0693147180559945,0.0346573590279973,0,0,0,0,NA,NA,NA,NA,NA,NA,NA,NA,NA,NA,NA,NA,NA
"18",18,"OU",20,10,50,1,0.5,0,0,0,10,0.0693147180559945,0.0346573590279973,0.0259930192709979,0.0259930192709979,0,0,NA,NA,NA,NA,NA,NA,NA,NA,NA,NA,NA,NA,NA
"19",19,"OU",20,10,50,1,0.5,0,0,0,10,0.0693147180559945,0.0346573590279973,-0.0259930192709979,-0.0259930192709979,0,0,NA,NA,NA,NA,NA,NA,NA,NA,NA,NA,NA,NA,NA
"20",20,"OU",20,10,50,1,0.5,0,0,0,10,0.0693147180559945,0.0346573590279973,0.0259930192709979,0,0,0,NA,NA,NA,NA,NA,NA,NA,NA,NA,NA,NA,NA,NA
"21",21,"OU",20,10,50,1,0.5,0.5,0,0,2,0.346573590279973,0.173286795139986,0,0,0,0,NA,NA,NA,NA,NA,NA,NA,NA,NA,NA,NA,NA,NA
"22",22,"OU",20,10,50,1,0.5,0.5,0,0,2,0.346573590279973,0.173286795139986,0.12996509635499,0.12996509635499,0,0,NA,NA,NA,NA,NA,NA,NA,NA,NA,NA,NA,NA,NA
"23",23,"OU",20,10,50,1,0.5,0.5,0,0,2,0.346573590279973,0.173286795139986,-0.12996509635499,-0.12996509635499,0,0,NA,NA,NA,NA,NA,NA,NA,NA,NA,NA,NA,NA,NA
"24",24,"OU",20,10,50,1,0.5,0.5,0,0,2,0.346573590279973,0.173286795139986,0.12996509635499,0,0,0,NA,NA,NA,NA,NA,NA,NA,NA,NA,NA,NA,NA,NA
"25",25,"OU",20,10,50,1,0.5,0.5,0,0,10,0.0693147180559945,0.0346573590279973,0,0,0,0,NA,NA,NA,NA,NA,NA,NA,NA,NA,NA,NA,NA,NA
"26",26,"OU",20,10,50,1,0.5,0.5,0,0,10,0.0693147180559945,0.0346573590279973,0.0259930192709979,0.0259930192709979,0,0,NA,NA,NA,NA,NA,NA,NA,NA,NA,NA,NA,NA,NA
"27",27,"OU",20,10,50,1,0.5,0.5,0,0,10,0.0693147180559945,0.0346573590279973,-0.0259930192709979,-0.0259930192709979,0,0,NA,NA,NA,NA,NA,NA,NA,NA,NA,NA,NA,NA,NA
"28",28,"OU",20,10,50,1,0.5,0.5,0,0,10,0.0693147180559945,0.0346573590279973,0.0259930192709979,0,0,0,NA,NA,NA,NA,NA,NA,NA,NA,NA,NA,NA,NA,NA
"29",29,"OU",20,10,50,1,0.5,-0.5,0,0,2,0.346573590279973,0.173286795139986,0,0,0,0,NA,NA,NA,NA,NA,NA,NA,NA,NA,NA,NA,NA,NA
"30",30,"OU",20,10,50,1,0.5,-0.5,0,0,2,0.346573590279973,0.173286795139986,0.12996509635499,0.12996509635499,0,0,NA,NA,NA,NA,NA,NA,NA,NA,NA,NA,NA,NA,NA
"31",31,"OU",20,10,50,1,0.5,-0.5,0,0,2,0.346573590279973,0.173286795139986,-0.12996509635499,-0.12996509635499,0,0,NA,NA,NA,NA,NA,NA,NA,NA,NA,NA,NA,NA,NA
"32",32,"OU",20,10,50,1,0.5,-0.5,0,0,2,0.346573590279973,0.173286795139986,0.12996509635499,0,0,0,NA,NA,NA,NA,NA,NA,NA,NA,NA,NA,NA,NA,NA
"33",33,"OU",20,10,50,1,0.5,-0.5,0,0,10,0.0693147180559945,0.0346573590279973,0,0,0,0,NA,NA,NA,NA,NA,NA,NA,NA,NA,NA,NA,NA,NA
"34",34,"OU",20,10,50,1,0.5,-0.5,0,0,10,0.0693147180559945,0.0346573590279973,0.0259930192709979,0.0259930192709979,0,0,NA,NA,NA,NA,NA,NA,NA,NA,NA,NA,NA,NA,NA
"35",35,"OU",20,10,50,1,0.5,-0.5,0,0,10,0.0693147180559945,0.0346573590279973,-0.0259930192709979,-0.0259930192709979,0,0,NA,NA,NA,NA,NA,NA,NA,NA,NA,NA,NA,NA,NA
"36",36,"OU",20,10,50,1,0.5,-0.5,0,0,10,0.0693147180559945,0.0346573590279973,0.0259930192709979,0,0,0,NA,NA,NA,NA,NA,NA,NA,NA,NA,NA,NA,NA,NA
"37",37,"OU",50,10,50,1,0.5,0,0,0,2,0.346573590279973,0.173286795139986,0,0,0,0,NA,NA,NA,NA,NA,NA,NA,NA,NA,NA,NA,NA,NA
"38",38,"OU",50,10,50,1,0.5,0,0,0,2,0.346573590279973,0.173286795139986,0.12996509635499,0.12996509635499,0,0,NA,NA,NA,NA,NA,NA,NA,NA,NA,NA,NA,NA,NA
"39",39,"OU",50,10,50,1,0.5,0,0,0,2,0.346573590279973,0.173286795139986,-0.12996509635499,-0.12996509635499,0,0,NA,NA,NA,NA,NA,NA,NA,NA,NA,NA,NA,NA,NA
"40",40,"OU",50,10,50,1,0.5,0,0,0,2,0.346573590279973,0.173286795139986,0.12996509635499,0,0,0,NA,NA,NA,NA,NA,NA,NA,NA,NA,NA,NA,NA,NA
"41",41,"OU",50,10,50,1,0.5,0,0,0,10,0.0693147180559945,0.0346573590279973,0,0,0,0,NA,NA,NA,NA,NA,NA,NA,NA,NA,NA,NA,NA,NA
"42",42,"OU",50,10,50,1,0.5,0,0,0,10,0.0693147180559945,0.0346573590279973,0.0259930192709979,0.0259930192709979,0,0,NA,NA,NA,NA,NA,NA,NA,NA,NA,NA,NA,NA,NA
"43",43,"OU",50,10,50,1,0.5,0,0,0,10,0.0693147180559945,0.0346573590279973,-0.0259930192709979,-0.0259930192709979,0,0,NA,NA,NA,NA,NA,NA,NA,NA,NA,NA,NA,NA,NA
"44",44,"OU",50,10,50,1,0.5,0,0,0,10,0.0693147180559945,0.0346573590279973,0.0259930192709979,0,0,0,NA,NA,NA,NA,NA,NA,NA,NA,NA,NA,NA,NA,NA
"45",45,"OU",50,10,50,1,0.5,0.5,0,0,2,0.346573590279973,0.173286795139986,0,0,0,0,NA,NA,NA,NA,NA,NA,NA,NA,NA,NA,NA,NA,NA
"46",46,"OU",50,10,50,1,0.5,0.5,0,0,2,0.346573590279973,0.173286795139986,0.12996509635499,0.12996509635499,0,0,NA,NA,NA,NA,NA,NA,NA,NA,NA,NA,NA,NA,NA
"47",47,"OU",50,10,50,1,0.5,0.5,0,0,2,0.346573590279973,0.173286795139986,-0.12996509635499,-0.12996509635499,0,0,NA,NA,NA,NA,NA,NA,NA,NA,NA,NA,NA,NA,NA
"48",48,"OU",50,10,50,1,0.5,0.5,0,0,2,0.346573590279973,0.173286795139986,0.12996509635499,0,0,0,NA,NA,NA,NA,NA,NA,NA,NA,NA,NA,NA,NA,NA
"49",49,"OU",50,10,50,1,0.5,0.5,0,0,10,0.0693147180559945,0.0346573590279973,0,0,0,0,NA,NA,NA,NA,NA,NA,NA,NA,NA,NA,NA,NA,NA
"50",50,"OU",50,10,50,1,0.5,0.5,0,0,10,0.0693147180559945,0.0346573590279973,0.0259930192709979,0.0259930192709979,0,0,NA,NA,NA,NA,NA,NA,NA,NA,NA,NA,NA,NA,NA
"51",51,"OU",50,10,50,1,0.5,0.5,0,0,10,0.0693147180559945,0.0346573590279973,-0.0259930192709979,-0.0259930192709979,0,0,NA,NA,NA,NA,NA,NA,NA,NA,NA,NA,NA,NA,NA
"52",52,"OU",50,10,50,1,0.5,0.5,0,0,10,0.0693147180559945,0.0346573590279973,0.0259930192709979,0,0,0,NA,NA,NA,NA,NA,NA,NA,NA,NA,NA,NA,NA,NA
"53",53,"OU",50,10,50,1,0.5,-0.5,0,0,2,0.346573590279973,0.173286795139986,0,0,0,0,NA,NA,NA,NA,NA,NA,NA,NA,NA,NA,NA,NA,NA
"54",54,"OU",50,10,50,1,0.5,-0.5,0,0,2,0.346573590279973,0.173286795139986,0.12996509635499,0.12996509635499,0,0,NA,NA,NA,NA,NA,NA,NA,NA,NA,NA,NA,NA,NA
"55",55,"OU",50,10,50,1,0.5,-0.5,0,0,2,0.346573590279973,0.173286795139986,-0.12996509635499,-0.12996509635499,0,0,NA,NA,NA,NA,NA,NA,NA,NA,NA,NA,NA,NA,NA
"56",56,"OU",50,10,50,1,0.5,-0.5,0,0,2,0.346573590279973,0.173286795139986,0.12996509635499,0,0,0,NA,NA,NA,NA,NA,NA,NA,NA,NA,NA,NA,NA,NA
"57",57,"OU",50,10,50,1,0.5,-0.5,0,0,10,0.0693147180559945,0.0346573590279973,0,0,0,0,NA,NA,NA,NA,NA,NA,NA,NA,NA,NA,NA,NA,NA
"58",58,"OU",50,10,50,1,0.5,-0.5,0,0,10,0.0693147180559945,0.0346573590279973,0.0259930192709979,0.0259930192709979,0,0,NA,NA,NA,NA,NA,NA,NA,NA,NA,NA,NA,NA,NA
"59",59,"OU",50,10,50,1,0.5,-0.5,0,0,10,0.0693147180559945,0.0346573590279973,-0.0259930192709979,-0.0259930192709979,0,0,NA,NA,NA,NA,NA,NA,NA,NA,NA,NA,NA,NA,NA
"60",60,"OU",50,10,50,1,0.5,-0.5,0,0,10,0.0693147180559945,0.0346573590279973,0.0259930192709979,0,0,0,NA,NA,NA,NA,NA,NA,NA,NA,NA,NA,NA,NA,NA
"61",61,"OU",100,10,50,1,0.5,0,0,0,2,0.346573590279973,0.173286795139986,0,0,0,0,NA,NA,NA,NA,NA,NA,NA,NA,NA,NA,NA,NA,NA
"62",62,"OU",100,10,50,1,0.5,0,0,0,2,0.346573590279973,0.173286795139986,0.12996509635499,0.12996509635499,0,0,NA,NA,NA,NA,NA,NA,NA,NA,NA,NA,NA,NA,NA
"63",63,"OU",100,10,50,1,0.5,0,0,0,2,0.346573590279973,0.173286795139986,-0.12996509635499,-0.12996509635499,0,0,NA,NA,NA,NA,NA,NA,NA,NA,NA,NA,NA,NA,NA
"64",64,"OU",100,10,50,1,0.5,0,0,0,2,0.346573590279973,0.173286795139986,0.12996509635499,0,0,0,NA,NA,NA,NA,NA,NA,NA,NA,NA,NA,NA,NA,NA
"65",65,"OU",100,10,50,1,0.5,0,0,0,10,0.0693147180559945,0.0346573590279973,0,0,0,0,NA,NA,NA,NA,NA,NA,NA,NA,NA,NA,NA,NA,NA
"66",66,"OU",100,10,50,1,0.5,0,0,0,10,0.0693147180559945,0.0346573590279973,0.0259930192709979,0.0259930192709979,0,0,NA,NA,NA,NA,NA,NA,NA,NA,NA,NA,NA,NA,NA
"67",67,"OU",100,10,50,1,0.5,0,0,0,10,0.0693147180559945,0.0346573590279973,-0.0259930192709979,-0.0259930192709979,0,0,NA,NA,NA,NA,NA,NA,NA,NA,NA,NA,NA,NA,NA
"68",68,"OU",100,10,50,1,0.5,0,0,0,10,0.0693147180559945,0.0346573590279973,0.0259930192709979,0,0,0,NA,NA,NA,NA,NA,NA,NA,NA,NA,NA,NA,NA,NA
"69",69,"OU",100,10,50,1,0.5,0.5,0,0,2,0.346573590279973,0.173286795139986,0,0,0,0,NA,NA,NA,NA,NA,NA,NA,NA,NA,NA,NA,NA,NA
"70",70,"OU",100,10,50,1,0.5,0.5,0,0,2,0.346573590279973,0.173286795139986,0.12996509635499,0.12996509635499,0,0,NA,NA,NA,NA,NA,NA,NA,NA,NA,NA,NA,NA,NA
"71",71,"OU",100,10,50,1,0.5,0.5,0,0,2,0.346573590279973,0.173286795139986,-0.12996509635499,-0.12996509635499,0,0,NA,NA,NA,NA,NA,NA,NA,NA,NA,NA,NA,NA,NA
"72",72,"OU",100,10,50,1,0.5,0.5,0,0,2,0.346573590279973,0.173286795139986,0.12996509635499,0,0,0,NA,NA,NA,NA,NA,NA,NA,NA,NA,NA,NA,NA,NA
"73",73,"OU",100,10,50,1,0.5,0.5,0,0,10,0.0693147180559945,0.0346573590279973,0,0,0,0,NA,NA,NA,NA,NA,NA,NA,NA,NA,NA,NA,NA,NA
"74",74,"OU",100,10,50,1,0.5,0.5,0,0,10,0.0693147180559945,0.0346573590279973,0.0259930192709979,0.0259930192709979,0,0,NA,NA,NA,NA,NA,NA,NA,NA,NA,NA,NA,NA,NA
"75",75,"OU",100,10,50,1,0.5,0.5,0,0,10,0.0693147180559945,0.0346573590279973,-0.0259930192709979,-0.0259930192709979,0,0,NA,NA,NA,NA,NA,NA,NA,NA,NA,NA,NA,NA,NA
"76",76,"OU",100,10,50,1,0.5,0.5,0,0,10,0.0693147180559945,0.0346573590279973,0.0259930192709979,0,0,0,NA,NA,NA,NA,NA,NA,NA,NA,NA,NA,NA,NA,NA
"77",77,"OU",100,10,50,1,0.5,-0.5,0,0,2,0.346573590279973,0.173286795139986,0,0,0,0,NA,NA,NA,NA,NA,NA,NA,NA,NA,NA,NA,NA,NA
"78",78,"OU",100,10,50,1,0.5,-0.5,0,0,2,0.346573590279973,0.173286795139986,0.12996509635499,0.12996509635499,0,0,NA,NA,NA,NA,NA,NA,NA,NA,NA,NA,NA,NA,NA
"79",79,"OU",100,10,50,1,0.5,-0.5,0,0,2,0.346573590279973,0.173286795139986,-0.12996509635499,-0.12996509635499,0,0,NA,NA,NA,NA,NA,NA,NA,NA,NA,NA,NA,NA,NA
"80",80,"OU",100,10,50,1,0.5,-0.5,0,0,2,0.346573590279973,0.173286795139986,0.12996509635499,0,0,0,NA,NA,NA,NA,NA,NA,NA,NA,NA,NA,NA,NA,NA
"81",81,"OU",100,10,50,1,0.5,-0.5,0,0,10,0.0693147180559945,0.0346573590279973,0,0,0,0,NA,NA,NA,NA,NA,NA,NA,NA,NA,NA,NA,NA,NA
"82",82,"OU",100,10,50,1,0.5,-0.5,0,0,10,0.0693147180559945,0.0346573590279973,0.0259930192709979,0.0259930192709979,0,0,NA,NA,NA,NA,NA,NA,NA,NA,NA,NA,NA,NA,NA
"83",83,"OU",100,10,50,1,0.5,-0.5,0,0,10,0.0693147180559945,0.0346573590279973,-0.0259930192709979,-0.0259930192709979,0,0,NA,NA,NA,NA,NA,NA,NA,NA,NA,NA,NA,NA,NA
"84",84,"OU",100,10,50,1,0.5,-0.5,0,0,10,0.0693147180559945,0.0346573590279973,0.0259930192709979,0,0,0,NA,NA,NA,NA,NA,NA,NA,NA,NA,NA,NA,NA,NA
"85",85,"OU",150,10,50,1,0.5,0,0,0,2,0.346573590279973,0.173286795139986,0,0,0,0,NA,NA,NA,NA,NA,NA,NA,NA,NA,NA,NA,NA,NA
"86",86,"OU",150,10,50,1,0.5,0,0,0,2,0.346573590279973,0.173286795139986,0.12996509635499,0.12996509635499,0,0,NA,NA,NA,NA,NA,NA,NA,NA,NA,NA,NA,NA,NA
"87",87,"OU",150,10,50,1,0.5,0,0,0,2,0.346573590279973,0.173286795139986,-0.12996509635499,-0.12996509635499,0,0,NA,NA,NA,NA,NA,NA,NA,NA,NA,NA,NA,NA,NA
"88",88,"OU",150,10,50,1,0.5,0,0,0,2,0.346573590279973,0.173286795139986,0.12996509635499,0,0,0,NA,NA,NA,NA,NA,NA,NA,NA,NA,NA,NA,NA,NA
"89",89,"OU",150,10,50,1,0.5,0,0,0,10,0.0693147180559945,0.0346573590279973,0,0,0,0,NA,NA,NA,NA,NA,NA,NA,NA,NA,NA,NA,NA,NA
"90",90,"OU",150,10,50,1,0.5,0,0,0,10,0.0693147180559945,0.0346573590279973,0.0259930192709979,0.0259930192709979,0,0,NA,NA,NA,NA,NA,NA,NA,NA,NA,NA,NA,NA,NA
"91",91,"OU",150,10,50,1,0.5,0,0,0,10,0.0693147180559945,0.0346573590279973,-0.0259930192709979,-0.0259930192709979,0,0,NA,NA,NA,NA,NA,NA,NA,NA,NA,NA,NA,NA,NA
"92",92,"OU",150,10,50,1,0.5,0,0,0,10,0.0693147180559945,0.0346573590279973,0.0259930192709979,0,0,0,NA,NA,NA,NA,NA,NA,NA,NA,NA,NA,NA,NA,NA
"93",93,"OU",150,10,50,1,0.5,0.5,0,0,2,0.346573590279973,0.173286795139986,0,0,0,0,NA,NA,NA,NA,NA,NA,NA,NA,NA,NA,NA,NA,NA
"94",94,"OU",150,10,50,1,0.5,0.5,0,0,2,0.346573590279973,0.173286795139986,0.12996509635499,0.12996509635499,0,0,NA,NA,NA,NA,NA,NA,NA,NA,NA,NA,NA,NA,NA
"95",95,"OU",150,10,50,1,0.5,0.5,0,0,2,0.346573590279973,0.173286795139986,-0.12996509635499,-0.12996509635499,0,0,NA,NA,NA,NA,NA,NA,NA,NA,NA,NA,NA,NA,NA
"96",96,"OU",150,10,50,1,0.5,0.5,0,0,2,0.346573590279973,0.173286795139986,0.12996509635499,0,0,0,NA,NA,NA,NA,NA,NA,NA,NA,NA,NA,NA,NA,NA
"97",97,"OU",150,10,50,1,0.5,0.5,0,0,10,0.0693147180559945,0.0346573590279973,0,0,0,0,NA,NA,NA,NA,NA,NA,NA,NA,NA,NA,NA,NA,NA
"98",98,"OU",150,10,50,1,0.5,0.5,0,0,10,0.0693147180559945,0.0346573590279973,0.0259930192709979,0.0259930192709979,0,0,NA,NA,NA,NA,NA,NA,NA,NA,NA,NA,NA,NA,NA
"99",99,"OU",150,10,50,1,0.5,0.5,0,0,10,0.0693147180559945,0.0346573590279973,-0.0259930192709979,-0.0259930192709979,0,0,NA,NA,NA,NA,NA,NA,NA,NA,NA,NA,NA,NA,NA
"100",100,"OU",150,10,50,1,0.5,0.5,0,0,10,0.0693147180559945,0.0346573590279973,0.0259930192709979,0,0,0,NA,NA,NA,NA,NA,NA,NA,NA,NA,NA,NA,NA,NA
"101",101,"OU",150,10,50,1,0.5,-0.5,0,0,2,0.346573590279973,0.173286795139986,0,0,0,0,NA,NA,NA,NA,NA,NA,NA,NA,NA,NA,NA,NA,NA
"102",102,"OU",150,10,50,1,0.5,-0.5,0,0,2,0.346573590279973,0.173286795139986,0.12996509635499,0.12996509635499,0,0,NA,NA,NA,NA,NA,NA,NA,NA,NA,NA,NA,NA,NA
"103",103,"OU",150,10,50,1,0.5,-0.5,0,0,2,0.346573590279973,0.173286795139986,-0.12996509635499,-0.12996509635499,0,0,NA,NA,NA,NA,NA,NA,NA,NA,NA,NA,NA,NA,NA
"104",104,"OU",150,10,50,1,0.5,-0.5,0,0,2,0.346573590279973,0.173286795139986,0.12996509635499,0,0,0,NA,NA,NA,NA,NA,NA,NA,NA,NA,NA,NA,NA,NA
"105",105,"OU",150,10,50,1,0.5,-0.5,0,0,10,0.0693147180559945,0.0346573590279973,0,0,0,0,NA,NA,NA,NA,NA,NA,NA,NA,NA,NA,NA,NA,NA
"106",106,"OU",150,10,50,1,0.5,-0.5,0,0,10,0.0693147180559945,0.0346573590279973,0.0259930192709979,0.0259930192709979,0,0,NA,NA,NA,NA,NA,NA,NA,NA,NA,NA,NA,NA,NA
"107",107,"OU",150,10,50,1,0.5,-0.5,0,0,10,0.0693147180559945,0.0346573590279973,-0.0259930192709979,-0.0259930192709979,0,0,NA,NA,NA,NA,NA,NA,NA,NA,NA,NA,NA,NA,NA
"108",108,"OU",150,10,50,1,0.5,-0.5,0,0,10,0.0693147180559945,0.0346573590279973,0.0259930192709979,0,0,0,NA,NA,NA,NA,NA,NA,NA,NA,NA,NA,NA,NA,NA
"109",109,"MC",20,10,50,1,0.5,0,0,0,2,NA,NA,NA,NA,NA,NA,0.346573590279973,0.173286795139986,0,0,NA,NA,NA,NA,NA,NA,NA,NA,NA
"110",110,"MC",20,10,50,1,0.5,0,0,0,2,NA,NA,NA,NA,NA,NA,0.346573590279973,0.173286795139986,0.12996509635499,0.12996509635499,NA,NA,NA,NA,NA,NA,NA,NA,NA
"111",111,"MC",20,10,50,1,0.5,0,0,0,2,NA,NA,NA,NA,NA,NA,0.346573590279973,0.173286795139986,-0.12996509635499,-0.12996509635499,NA,NA,NA,NA,NA,NA,NA,NA,NA
"112",112,"MC",20,10,50,1,0.5,0,0,0,2,NA,NA,NA,NA,NA,NA,0.346573590279973,0.173286795139986,0.12996509635499,0,NA,NA,NA,NA,NA,NA,NA,NA,NA
"113",113,"MC",20,10,50,1,0.5,0,0,0,10,NA,NA,NA,NA,NA,NA,0.0693147180559945,0.0346573590279973,0,0,NA,NA,NA,NA,NA,NA,NA,NA,NA
"114",114,"MC",20,10,50,1,0.5,0,0,0,10,NA,NA,NA,NA,NA,NA,0.0693147180559945,0.0346573590279973,0.0259930192709979,0.0259930192709979,NA,NA,NA,NA,NA,NA,NA,NA,NA
"115",115,"MC",20,10,50,1,0.5,0,0,0,10,NA,NA,NA,NA,NA,NA,0.0693147180559945,0.0346573590279973,-0.0259930192709979,-0.0259930192709979,NA,NA,NA,NA,NA,NA,NA,NA,NA
"116",116,"MC",20,10,50,1,0.5,0,0,0,10,NA,NA,NA,NA,NA,NA,0.0693147180559945,0.0346573590279973,0.0259930192709979,0,NA,NA,NA,NA,NA,NA,NA,NA,NA
"117",117,"MC",20,10,50,1,0.5,0.5,0,0,2,NA,NA,NA,NA,NA,NA,0.346573590279973,0.173286795139986,0,0,NA,NA,NA,NA,NA,NA,NA,NA,NA
"118",118,"MC",20,10,50,1,0.5,0.5,0,0,2,NA,NA,NA,NA,NA,NA,0.346573590279973,0.173286795139986,0.12996509635499,0.12996509635499,NA,NA,NA,NA,NA,NA,NA,NA,NA
"119",119,"MC",20,10,50,1,0.5,0.5,0,0,2,NA,NA,NA,NA,NA,NA,0.346573590279973,0.173286795139986,-0.12996509635499,-0.12996509635499,NA,NA,NA,NA,NA,NA,NA,NA,NA
"120",120,"MC",20,10,50,1,0.5,0.5,0,0,2,NA,NA,NA,NA,NA,NA,0.346573590279973,0.173286795139986,0.12996509635499,0,NA,NA,NA,NA,NA,NA,NA,NA,NA
"121",121,"MC",20,10,50,1,0.5,0.5,0,0,10,NA,NA,NA,NA,NA,NA,0.0693147180559945,0.0346573590279973,0,0,NA,NA,NA,NA,NA,NA,NA,NA,NA
"122",122,"MC",20,10,50,1,0.5,0.5,0,0,10,NA,NA,NA,NA,NA,NA,0.0693147180559945,0.0346573590279973,0.0259930192709979,0.0259930192709979,NA,NA,NA,NA,NA,NA,NA,NA,NA
"123",123,"MC",20,10,50,1,0.5,0.5,0,0,10,NA,NA,NA,NA,NA,NA,0.0693147180559945,0.0346573590279973,-0.0259930192709979,-0.0259930192709979,NA,NA,NA,NA,NA,NA,NA,NA,NA
"124",124,"MC",20,10,50,1,0.5,0.5,0,0,10,NA,NA,NA,NA,NA,NA,0.0693147180559945,0.0346573590279973,0.0259930192709979,0,NA,NA,NA,NA,NA,NA,NA,NA,NA
"125",125,"MC",20,10,50,1,0.5,-0.5,0,0,2,NA,NA,NA,NA,NA,NA,0.346573590279973,0.173286795139986,0,0,NA,NA,NA,NA,NA,NA,NA,NA,NA
"126",126,"MC",20,10,50,1,0.5,-0.5,0,0,2,NA,NA,NA,NA,NA,NA,0.346573590279973,0.173286795139986,0.12996509635499,0.12996509635499,NA,NA,NA,NA,NA,NA,NA,NA,NA
"127",127,"MC",20,10,50,1,0.5,-0.5,0,0,2,NA,NA,NA,NA,NA,NA,0.346573590279973,0.173286795139986,-0.12996509635499,-0.12996509635499,NA,NA,NA,NA,NA,NA,NA,NA,NA
"128",128,"MC",20,10,50,1,0.5,-0.5,0,0,2,NA,NA,NA,NA,NA,NA,0.346573590279973,0.173286795139986,0.12996509635499,0,NA,NA,NA,NA,NA,NA,NA,NA,NA
"129",129,"MC",20,10,50,1,0.5,-0.5,0,0,10,NA,NA,NA,NA,NA,NA,0.0693147180559945,0.0346573590279973,0,0,NA,NA,NA,NA,NA,NA,NA,NA,NA
"130",130,"MC",20,10,50,1,0.5,-0.5,0,0,10,NA,NA,NA,NA,NA,NA,0.0693147180559945,0.0346573590279973,0.0259930192709979,0.0259930192709979,NA,NA,NA,NA,NA,NA,NA,NA,NA
"131",131,"MC",20,10,50,1,0.5,-0.5,0,0,10,NA,NA,NA,NA,NA,NA,0.0693147180559945,0.0346573590279973,-0.0259930192709979,-0.0259930192709979,NA,NA,NA,NA,NA,NA,NA,NA,NA
"132",132,"MC",20,10,50,1,0.5,-0.5,0,0,10,NA,NA,NA,NA,NA,NA,0.0693147180559945,0.0346573590279973,0.0259930192709979,0,NA,NA,NA,NA,NA,NA,NA,NA,NA
"133",133,"MC",50,10,50,1,0.5,0,0,0,2,NA,NA,NA,NA,NA,NA,0.346573590279973,0.173286795139986,0,0,NA,NA,NA,NA,NA,NA,NA,NA,NA
"134",134,"MC",50,10,50,1,0.5,0,0,0,2,NA,NA,NA,NA,NA,NA,0.346573590279973,0.173286795139986,0.12996509635499,0.12996509635499,NA,NA,NA,NA,NA,NA,NA,NA,NA
"135",135,"MC",50,10,50,1,0.5,0,0,0,2,NA,NA,NA,NA,NA,NA,0.346573590279973,0.173286795139986,-0.12996509635499,-0.12996509635499,NA,NA,NA,NA,NA,NA,NA,NA,NA
"136",136,"MC",50,10,50,1,0.5,0,0,0,2,NA,NA,NA,NA,NA,NA,0.346573590279973,0.173286795139986,0.12996509635499,0,NA,NA,NA,NA,NA,NA,NA,NA,NA
"137",137,"MC",50,10,50,1,0.5,0,0,0,10,NA,NA,NA,NA,NA,NA,0.0693147180559945,0.0346573590279973,0,0,NA,NA,NA,NA,NA,NA,NA,NA,NA
"138",138,"MC",50,10,50,1,0.5,0,0,0,10,NA,NA,NA,NA,NA,NA,0.0693147180559945,0.0346573590279973,0.0259930192709979,0.0259930192709979,NA,NA,NA,NA,NA,NA,NA,NA,NA
"139",139,"MC",50,10,50,1,0.5,0,0,0,10,NA,NA,NA,NA,NA,NA,0.0693147180559945,0.0346573590279973,-0.0259930192709979,-0.0259930192709979,NA,NA,NA,NA,NA,NA,NA,NA,NA
"140",140,"MC",50,10,50,1,0.5,0,0,0,10,NA,NA,NA,NA,NA,NA,0.0693147180559945,0.0346573590279973,0.0259930192709979,0,NA,NA,NA,NA,NA,NA,NA,NA,NA
"141",141,"MC",50,10,50,1,0.5,0.5,0,0,2,NA,NA,NA,NA,NA,NA,0.346573590279973,0.173286795139986,0,0,NA,NA,NA,NA,NA,NA,NA,NA,NA
"142",142,"MC",50,10,50,1,0.5,0.5,0,0,2,NA,NA,NA,NA,NA,NA,0.346573590279973,0.173286795139986,0.12996509635499,0.12996509635499,NA,NA,NA,NA,NA,NA,NA,NA,NA
"143",143,"MC",50,10,50,1,0.5,0.5,0,0,2,NA,NA,NA,NA,NA,NA,0.346573590279973,0.173286795139986,-0.12996509635499,-0.12996509635499,NA,NA,NA,NA,NA,NA,NA,NA,NA
"144",144,"MC",50,10,50,1,0.5,0.5,0,0,2,NA,NA,NA,NA,NA,NA,0.346573590279973,0.173286795139986,0.12996509635499,0,NA,NA,NA,NA,NA,NA,NA,NA,NA
"145",145,"MC",50,10,50,1,0.5,0.5,0,0,10,NA,NA,NA,NA,NA,NA,0.0693147180559945,0.0346573590279973,0,0,NA,NA,NA,NA,NA,NA,NA,NA,NA
"146",146,"MC",50,10,50,1,0.5,0.5,0,0,10,NA,NA,NA,NA,NA,NA,0.0693147180559945,0.0346573590279973,0.0259930192709979,0.0259930192709979,NA,NA,NA,NA,NA,NA,NA,NA,NA
"147",147,"MC",50,10,50,1,0.5,0.5,0,0,10,NA,NA,NA,NA,NA,NA,0.0693147180559945,0.0346573590279973,-0.0259930192709979,-0.0259930192709979,NA,NA,NA,NA,NA,NA,NA,NA,NA
"148",148,"MC",50,10,50,1,0.5,0.5,0,0,10,NA,NA,NA,NA,NA,NA,0.0693147180559945,0.0346573590279973,0.0259930192709979,0,NA,NA,NA,NA,NA,NA,NA,NA,NA
"149",149,"MC",50,10,50,1,0.5,-0.5,0,0,2,NA,NA,NA,NA,NA,NA,0.346573590279973,0.173286795139986,0,0,NA,NA,NA,NA,NA,NA,NA,NA,NA
"150",150,"MC",50,10,50,1,0.5,-0.5,0,0,2,NA,NA,NA,NA,NA,NA,0.346573590279973,0.173286795139986,0.12996509635499,0.12996509635499,NA,NA,NA,NA,NA,NA,NA,NA,NA
"151",151,"MC",50,10,50,1,0.5,-0.5,0,0,2,NA,NA,NA,NA,NA,NA,0.346573590279973,0.173286795139986,-0.12996509635499,-0.12996509635499,NA,NA,NA,NA,NA,NA,NA,NA,NA
"152",152,"MC",50,10,50,1,0.5,-0.5,0,0,2,NA,NA,NA,NA,NA,NA,0.346573590279973,0.173286795139986,0.12996509635499,0,NA,NA,NA,NA,NA,NA,NA,NA,NA
"153",153,"MC",50,10,50,1,0.5,-0.5,0,0,10,NA,NA,NA,NA,NA,NA,0.0693147180559945,0.0346573590279973,0,0,NA,NA,NA,NA,NA,NA,NA,NA,NA
"154",154,"MC",50,10,50,1,0.5,-0.5,0,0,10,NA,NA,NA,NA,NA,NA,0.0693147180559945,0.0346573590279973,0.0259930192709979,0.0259930192709979,NA,NA,NA,NA,NA,NA,NA,NA,NA
"155",155,"MC",50,10,50,1,0.5,-0.5,0,0,10,NA,NA,NA,NA,NA,NA,0.0693147180559945,0.0346573590279973,-0.0259930192709979,-0.0259930192709979,NA,NA,NA,NA,NA,NA,NA,NA,NA
"156",156,"MC",50,10,50,1,0.5,-0.5,0,0,10,NA,NA,NA,NA,NA,NA,0.0693147180559945,0.0346573590279973,0.0259930192709979,0,NA,NA,NA,NA,NA,NA,NA,NA,NA
"157",157,"MC",100,10,50,1,0.5,0,0,0,2,NA,NA,NA,NA,NA,NA,0.346573590279973,0.173286795139986,0,0,NA,NA,NA,NA,NA,NA,NA,NA,NA
"158",158,"MC",100,10,50,1,0.5,0,0,0,2,NA,NA,NA,NA,NA,NA,0.346573590279973,0.173286795139986,0.12996509635499,0.12996509635499,NA,NA,NA,NA,NA,NA,NA,NA,NA
"159",159,"MC",100,10,50,1,0.5,0,0,0,2,NA,NA,NA,NA,NA,NA,0.346573590279973,0.173286795139986,-0.12996509635499,-0.12996509635499,NA,NA,NA,NA,NA,NA,NA,NA,NA
"160",160,"MC",100,10,50,1,0.5,0,0,0,2,NA,NA,NA,NA,NA,NA,0.346573590279973,0.173286795139986,0.12996509635499,0,NA,NA,NA,NA,NA,NA,NA,NA,NA
"161",161,"MC",100,10,50,1,0.5,0,0,0,10,NA,NA,NA,NA,NA,NA,0.0693147180559945,0.0346573590279973,0,0,NA,NA,NA,NA,NA,NA,NA,NA,NA
"162",162,"MC",100,10,50,1,0.5,0,0,0,10,NA,NA,NA,NA,NA,NA,0.0693147180559945,0.0346573590279973,0.0259930192709979,0.0259930192709979,NA,NA,NA,NA,NA,NA,NA,NA,NA
"163",163,"MC",100,10,50,1,0.5,0,0,0,10,NA,NA,NA,NA,NA,NA,0.0693147180559945,0.0346573590279973,-0.0259930192709979,-0.0259930192709979,NA,NA,NA,NA,NA,NA,NA,NA,NA
"164",164,"MC",100,10,50,1,0.5,0,0,0,10,NA,NA,NA,NA,NA,NA,0.0693147180559945,0.0346573590279973,0.0259930192709979,0,NA,NA,NA,NA,NA,NA,NA,NA,NA
"165",165,"MC",100,10,50,1,0.5,0.5,0,0,2,NA,NA,NA,NA,NA,NA,0.346573590279973,0.173286795139986,0,0,NA,NA,NA,NA,NA,NA,NA,NA,NA
"166",166,"MC",100,10,50,1,0.5,0.5,0,0,2,NA,NA,NA,NA,NA,NA,0.346573590279973,0.173286795139986,0.12996509635499,0.12996509635499,NA,NA,NA,NA,NA,NA,NA,NA,NA
"167",167,"MC",100,10,50,1,0.5,0.5,0,0,2,NA,NA,NA,NA,NA,NA,0.346573590279973,0.173286795139986,-0.12996509635499,-0.12996509635499,NA,NA,NA,NA,NA,NA,NA,NA,NA
"168",168,"MC",100,10,50,1,0.5,0.5,0,0,2,NA,NA,NA,NA,NA,NA,0.346573590279973,0.173286795139986,0.12996509635499,0,NA,NA,NA,NA,NA,NA,NA,NA,NA
"169",169,"MC",100,10,50,1,0.5,0.5,0,0,10,NA,NA,NA,NA,NA,NA,0.0693147180559945,0.0346573590279973,0,0,NA,NA,NA,NA,NA,NA,NA,NA,NA
"170",170,"MC",100,10,50,1,0.5,0.5,0,0,10,NA,NA,NA,NA,NA,NA,0.0693147180559945,0.0346573590279973,0.0259930192709979,0.0259930192709979,NA,NA,NA,NA,NA,NA,NA,NA,NA
"171",171,"MC",100,10,50,1,0.5,0.5,0,0,10,NA,NA,NA,NA,NA,NA,0.0693147180559945,0.0346573590279973,-0.0259930192709979,-0.0259930192709979,NA,NA,NA,NA,NA,NA,NA,NA,NA
"172",172,"MC",100,10,50,1,0.5,0.5,0,0,10,NA,NA,NA,NA,NA,NA,0.0693147180559945,0.0346573590279973,0.0259930192709979,0,NA,NA,NA,NA,NA,NA,NA,NA,NA
"173",173,"MC",100,10,50,1,0.5,-0.5,0,0,2,NA,NA,NA,NA,NA,NA,0.346573590279973,0.173286795139986,0,0,NA,NA,NA,NA,NA,NA,NA,NA,NA
"174",174,"MC",100,10,50,1,0.5,-0.5,0,0,2,NA,NA,NA,NA,NA,NA,0.346573590279973,0.173286795139986,0.12996509635499,0.12996509635499,NA,NA,NA,NA,NA,NA,NA,NA,NA
"175",175,"MC",100,10,50,1,0.5,-0.5,0,0,2,NA,NA,NA,NA,NA,NA,0.346573590279973,0.173286795139986,-0.12996509635499,-0.12996509635499,NA,NA,NA,NA,NA,NA,NA,NA,NA
"176",176,"MC",100,10,50,1,0.5,-0.5,0,0,2,NA,NA,NA,NA,NA,NA,0.346573590279973,0.173286795139986,0.12996509635499,0,NA,NA,NA,NA,NA,NA,NA,NA,NA
"177",177,"MC",100,10,50,1,0.5,-0.5,0,0,10,NA,NA,NA,NA,NA,NA,0.0693147180559945,0.0346573590279973,0,0,NA,NA,NA,NA,NA,NA,NA,NA,NA
"178",178,"MC",100,10,50,1,0.5,-0.5,0,0,10,NA,NA,NA,NA,NA,NA,0.0693147180559945,0.0346573590279973,0.0259930192709979,0.0259930192709979,NA,NA,NA,NA,NA,NA,NA,NA,NA
"179",179,"MC",100,10,50,1,0.5,-0.5,0,0,10,NA,NA,NA,NA,NA,NA,0.0693147180559945,0.0346573590279973,-0.0259930192709979,-0.0259930192709979,NA,NA,NA,NA,NA,NA,NA,NA,NA
"180",180,"MC",100,10,50,1,0.5,-0.5,0,0,10,NA,NA,NA,NA,NA,NA,0.0693147180559945,0.0346573590279973,0.0259930192709979,0,NA,NA,NA,NA,NA,NA,NA,NA,NA
"181",181,"MC",150,10,50,1,0.5,0,0,0,2,NA,NA,NA,NA,NA,NA,0.346573590279973,0.173286795139986,0,0,NA,NA,NA,NA,NA,NA,NA,NA,NA
"182",182,"MC",150,10,50,1,0.5,0,0,0,2,NA,NA,NA,NA,NA,NA,0.346573590279973,0.173286795139986,0.12996509635499,0.12996509635499,NA,NA,NA,NA,NA,NA,NA,NA,NA
"183",183,"MC",150,10,50,1,0.5,0,0,0,2,NA,NA,NA,NA,NA,NA,0.346573590279973,0.173286795139986,-0.12996509635499,-0.12996509635499,NA,NA,NA,NA,NA,NA,NA,NA,NA
"184",184,"MC",150,10,50,1,0.5,0,0,0,2,NA,NA,NA,NA,NA,NA,0.346573590279973,0.173286795139986,0.12996509635499,0,NA,NA,NA,NA,NA,NA,NA,NA,NA
"185",185,"MC",150,10,50,1,0.5,0,0,0,10,NA,NA,NA,NA,NA,NA,0.0693147180559945,0.0346573590279973,0,0,NA,NA,NA,NA,NA,NA,NA,NA,NA
"186",186,"MC",150,10,50,1,0.5,0,0,0,10,NA,NA,NA,NA,NA,NA,0.0693147180559945,0.0346573590279973,0.0259930192709979,0.0259930192709979,NA,NA,NA,NA,NA,NA,NA,NA,NA
"187",187,"MC",150,10,50,1,0.5,0,0,0,10,NA,NA,NA,NA,NA,NA,0.0693147180559945,0.0346573590279973,-0.0259930192709979,-0.0259930192709979,NA,NA,NA,NA,NA,NA,NA,NA,NA
"188",188,"MC",150,10,50,1,0.5,0,0,0,10,NA,NA,NA,NA,NA,NA,0.0693147180559945,0.0346573590279973,0.0259930192709979,0,NA,NA,NA,NA,NA,NA,NA,NA,NA
"189",189,"MC",150,10,50,1,0.5,0.5,0,0,2,NA,NA,NA,NA,NA,NA,0.346573590279973,0.173286795139986,0,0,NA,NA,NA,NA,NA,NA,NA,NA,NA
"190",190,"MC",150,10,50,1,0.5,0.5,0,0,2,NA,NA,NA,NA,NA,NA,0.346573590279973,0.173286795139986,0.12996509635499,0.12996509635499,NA,NA,NA,NA,NA,NA,NA,NA,NA
"191",191,"MC",150,10,50,1,0.5,0.5,0,0,2,NA,NA,NA,NA,NA,NA,0.346573590279973,0.173286795139986,-0.12996509635499,-0.12996509635499,NA,NA,NA,NA,NA,NA,NA,NA,NA
"192",192,"MC",150,10,50,1,0.5,0.5,0,0,2,NA,NA,NA,NA,NA,NA,0.346573590279973,0.173286795139986,0.12996509635499,0,NA,NA,NA,NA,NA,NA,NA,NA,NA
"193",193,"MC",150,10,50,1,0.5,0.5,0,0,10,NA,NA,NA,NA,NA,NA,0.0693147180559945,0.0346573590279973,0,0,NA,NA,NA,NA,NA,NA,NA,NA,NA
"194",194,"MC",150,10,50,1,0.5,0.5,0,0,10,NA,NA,NA,NA,NA,NA,0.0693147180559945,0.0346573590279973,0.0259930192709979,0.0259930192709979,NA,NA,NA,NA,NA,NA,NA,NA,NA
"195",195,"MC",150,10,50,1,0.5,0.5,0,0,10,NA,NA,NA,NA,NA,NA,0.0693147180559945,0.0346573590279973,-0.0259930192709979,-0.0259930192709979,NA,NA,NA,NA,NA,NA,NA,NA,NA
"196",196,"MC",150,10,50,1,0.5,0.5,0,0,10,NA,NA,NA,NA,NA,NA,0.0693147180559945,0.0346573590279973,0.0259930192709979,0,NA,NA,NA,NA,NA,NA,NA,NA,NA
"197",197,"MC",150,10,50,1,0.5,-0.5,0,0,2,NA,NA,NA,NA,NA,NA,0.346573590279973,0.173286795139986,0,0,NA,NA,NA,NA,NA,NA,NA,NA,NA
"198",198,"MC",150,10,50,1,0.5,-0.5,0,0,2,NA,NA,NA,NA,NA,NA,0.346573590279973,0.173286795139986,0.12996509635499,0.12996509635499,NA,NA,NA,NA,NA,NA,NA,NA,NA
"199",199,"MC",150,10,50,1,0.5,-0.5,0,0,2,NA,NA,NA,NA,NA,NA,0.346573590279973,0.173286795139986,-0.12996509635499,-0.12996509635499,NA,NA,NA,NA,NA,NA,NA,NA,NA
"200",200,"MC",150,10,50,1,0.5,-0.5,0,0,2,NA,NA,NA,NA,NA,NA,0.346573590279973,0.173286795139986,0.12996509635499,0,NA,NA,NA,NA,NA,NA,NA,NA,NA
"201",201,"MC",150,10,50,1,0.5,-0.5,0,0,10,NA,NA,NA,NA,NA,NA,0.0693147180559945,0.0346573590279973,0,0,NA,NA,NA,NA,NA,NA,NA,NA,NA
"202",202,"MC",150,10,50,1,0.5,-0.5,0,0,10,NA,NA,NA,NA,NA,NA,0.0693147180559945,0.0346573590279973,0.0259930192709979,0.0259930192709979,NA,NA,NA,NA,NA,NA,NA,NA,NA
"203",203,"MC",150,10,50,1,0.5,-0.5,0,0,10,NA,NA,NA,NA,NA,NA,0.0693147180559945,0.0346573590279973,-0.0259930192709979,-0.0259930192709979,NA,NA,NA,NA,NA,NA,NA,NA,NA
"204",204,"MC",150,10,50,1,0.5,-0.5,0,0,10,NA,NA,NA,NA,NA,NA,0.0693147180559945,0.0346573590279973,0.0259930192709979,0,NA,NA,NA,NA,NA,NA,NA,NA,NA
"205",205,"DDexp.neg",20,10,50,1,0.5,0,0,0,NA,NA,NA,NA,NA,NA,NA,NA,NA,NA,NA,0.5,0.25,0,-0.0346573590279973,-0.0346573590279973,0,NA,NA,NA
"206",206,"DDexp.neg",20,10,50,1,0.5,0,0,0,NA,NA,NA,NA,NA,NA,NA,NA,NA,NA,NA,0.01,0.005,0,-0.230258509299405,-0.230258509299405,0,NA,NA,NA
"207",207,"DDexp.neg",20,10,50,1,0.5,0.5,0,0,NA,NA,NA,NA,NA,NA,NA,NA,NA,NA,NA,0.5,0.25,0.25,-0.0346573590279973,-0.0346573590279973,-0.0346573590279973,NA,NA,NA
"208",208,"DDexp.neg",20,10,50,1,0.5,0.5,0,0,NA,NA,NA,NA,NA,NA,NA,NA,NA,NA,NA,0.01,0.005,0.005,-0.230258509299405,-0.230258509299405,-0.230258509299405,NA,NA,NA
"209",209,"DDexp.neg",20,10,50,1,0.5,-0.5,0,0,NA,NA,NA,NA,NA,NA,NA,NA,NA,NA,NA,0.5,0.25,-0.25,-0.0346573590279973,-0.0346573590279973,-0.0346573590279973,NA,NA,NA
"210",210,"DDexp.neg",20,10,50,1,0.5,-0.5,0,0,NA,NA,NA,NA,NA,NA,NA,NA,NA,NA,NA,0.01,0.005,-0.005,-0.230258509299405,-0.230258509299405,-0.230258509299405,NA,NA,NA
"211",211,"DDexp.neg",50,10,50,1,0.5,0,0,0,NA,NA,NA,NA,NA,NA,NA,NA,NA,NA,NA,0.5,0.25,0,-0.0138629436111989,-0.0138629436111989,0,NA,NA,NA
"212",212,"DDexp.neg",50,10,50,1,0.5,0,0,0,NA,NA,NA,NA,NA,NA,NA,NA,NA,NA,NA,0.01,0.005,0,-0.0921034037197618,-0.0921034037197618,0,NA,NA,NA
"213",213,"DDexp.neg",50,10,50,1,0.5,0.5,0,0,NA,NA,NA,NA,NA,NA,NA,NA,NA,NA,NA,0.5,0.25,0.25,-0.0138629436111989,-0.0138629436111989,-0.0138629436111989,NA,NA,NA
"214",214,"DDexp.neg",50,10,50,1,0.5,0.5,0,0,NA,NA,NA,NA,NA,NA,NA,NA,NA,NA,NA,0.01,0.005,0.005,-0.0921034037197618,-0.0921034037197618,-0.0921034037197618,NA,NA,NA
"215",215,"DDexp.neg",50,10,50,1,0.5,-0.5,0,0,NA,NA,NA,NA,NA,NA,NA,NA,NA,NA,NA,0.5,0.25,-0.25,-0.0138629436111989,-0.0138629436111989,-0.0138629436111989,NA,NA,NA
"216",216,"DDexp.neg",50,10,50,1,0.5,-0.5,0,0,NA,NA,NA,NA,NA,NA,NA,NA,NA,NA,NA,0.01,0.005,-0.005,-0.0921034037197618,-0.0921034037197618,-0.0921034037197618,NA,NA,NA
"217",217,"DDexp.neg",100,10,50,1,0.5,0,0,0,NA,NA,NA,NA,NA,NA,NA,NA,NA,NA,NA,0.5,0.25,0,-0.00693147180559945,-0.00693147180559945,0,NA,NA,NA
"218",218,"DDexp.neg",100,10,50,1,0.5,0,0,0,NA,NA,NA,NA,NA,NA,NA,NA,NA,NA,NA,0.01,0.005,0,-0.0460517018598809,-0.0460517018598809,0,NA,NA,NA
"219",219,"DDexp.neg",100,10,50,1,0.5,0.5,0,0,NA,NA,NA,NA,NA,NA,NA,NA,NA,NA,NA,0.5,0.25,0.25,-0.00693147180559945,-0.00693147180559945,-0.00693147180559945,NA,NA,NA
"220",220,"DDexp.neg",100,10,50,1,0.5,0.5,0,0,NA,NA,NA,NA,NA,NA,NA,NA,NA,NA,NA,0.01,0.005,0.005,-0.0460517018598809,-0.0460517018598809,-0.0460517018598809,NA,NA,NA
"221",221,"DDexp.neg",100,10,50,1,0.5,-0.5,0,0,NA,NA,NA,NA,NA,NA,NA,NA,NA,NA,NA,0.5,0.25,-0.25,-0.00693147180559945,-0.00693147180559945,-0.00693147180559945,NA,NA,NA
"222",222,"DDexp.neg",100,10,50,1,0.5,-0.5,0,0,NA,NA,NA,NA,NA,NA,NA,NA,NA,NA,NA,0.01,0.005,-0.005,-0.0460517018598809,-0.0460517018598809,-0.0460517018598809,NA,NA,NA
"223",223,"DDexp.neg",150,10,50,1,0.5,0,0,0,NA,NA,NA,NA,NA,NA,NA,NA,NA,NA,NA,0.5,0.25,0,-0.00462098120373297,-0.00462098120373297,0,NA,NA,NA
"224",224,"DDexp.neg",150,10,50,1,0.5,0,0,0,NA,NA,NA,NA,NA,NA,NA,NA,NA,NA,NA,0.01,0.005,0,-0.0307011345732539,-0.0307011345732539,0,NA,NA,NA
"225",225,"DDexp.neg",150,10,50,1,0.5,0.5,0,0,NA,NA,NA,NA,NA,NA,NA,NA,NA,NA,NA,0.5,0.25,0.25,-0.00462098120373297,-0.00462098120373297,-0.00462098120373297,NA,NA,NA
"226",226,"DDexp.neg",150,10,50,1,0.5,0.5,0,0,NA,NA,NA,NA,NA,NA,NA,NA,NA,NA,NA,0.01,0.005,0.005,-0.0307011345732539,-0.0307011345732539,-0.0307011345732539,NA,NA,NA
"227",227,"DDexp.neg",150,10,50,1,0.5,-0.5,0,0,NA,NA,NA,NA,NA,NA,NA,NA,NA,NA,NA,0.5,0.25,-0.25,-0.00462098120373297,-0.00462098120373297,-0.00462098120373297,NA,NA,NA
"228",228,"DDexp.neg",150,10,50,1,0.5,-0.5,0,0,NA,NA,NA,NA,NA,NA,NA,NA,NA,NA,NA,0.01,0.005,-0.005,-0.0307011345732539,-0.0307011345732539,-0.0307011345732539,NA,NA,NA
"229",229,"DDexp.pos",20,10,50,0.01,0.005,0,0,0,NA,NA,NA,NA,NA,NA,NA,NA,NA,NA,NA,0.1,0.05,0,-0.0346573590279973,-0.0346573590279973,0,NA,NA,NA
"230",230,"DDexp.pos",20,10,50,0.01,0.005,0,0,0,NA,NA,NA,NA,NA,NA,NA,NA,NA,NA,NA,1,0.5,0,-0.230258509299405,-0.230258509299405,0,NA,NA,NA
"231",231,"DDexp.pos",20,10,50,0.01,0.005,0.5,0,0,NA,NA,NA,NA,NA,NA,NA,NA,NA,NA,NA,0.1,0.05,0.05,-0.0346573590279973,-0.0346573590279973,-0.0346573590279973,NA,NA,NA
"232",232,"DDexp.pos",20,10,50,0.01,0.005,0.5,0,0,NA,NA,NA,NA,NA,NA,NA,NA,NA,NA,NA,1,0.5,0.5,-0.230258509299405,-0.230258509299405,-0.230258509299405,NA,NA,NA
"233",233,"DDexp.pos",20,10,50,0.01,0.005,-0.5,0,0,NA,NA,NA,NA,NA,NA,NA,NA,NA,NA,NA,0.1,0.05,-0.05,-0.0346573590279973,-0.0346573590279973,-0.0346573590279973,NA,NA,NA
"234",234,"DDexp.pos",20,10,50,0.01,0.005,-0.5,0,0,NA,NA,NA,NA,NA,NA,NA,NA,NA,NA,NA,1,0.5,-0.5,-0.230258509299405,-0.230258509299405,-0.230258509299405,NA,NA,NA
"235",235,"DDexp.pos",50,10,50,0.01,0.005,0,0,0,NA,NA,NA,NA,NA,NA,NA,NA,NA,NA,NA,0.1,0.05,0,-0.0138629436111989,-0.0138629436111989,0,NA,NA,NA
"236",236,"DDexp.pos",50,10,50,0.01,0.005,0,0,0,NA,NA,NA,NA,NA,NA,NA,NA,NA,NA,NA,1,0.5,0,-0.0921034037197618,-0.0921034037197618,0,NA,NA,NA
"237",237,"DDexp.pos",50,10,50,0.01,0.005,0.5,0,0,NA,NA,NA,NA,NA,NA,NA,NA,NA,NA,NA,0.1,0.05,0.05,-0.0138629436111989,-0.0138629436111989,-0.0138629436111989,NA,NA,NA
"238",238,"DDexp.pos",50,10,50,0.01,0.005,0.5,0,0,NA,NA,NA,NA,NA,NA,NA,NA,NA,NA,NA,1,0.5,0.5,-0.0921034037197618,-0.0921034037197618,-0.0921034037197618,NA,NA,NA
"239",239,"DDexp.pos",50,10,50,0.01,0.005,-0.5,0,0,NA,NA,NA,NA,NA,NA,NA,NA,NA,NA,NA,0.1,0.05,-0.05,-0.0138629436111989,-0.0138629436111989,-0.0138629436111989,NA,NA,NA
"240",240,"DDexp.pos",50,10,50,0.01,0.005,-0.5,0,0,NA,NA,NA,NA,NA,NA,NA,NA,NA,NA,NA,1,0.5,-0.5,-0.0921034037197618,-0.0921034037197618,-0.0921034037197618,NA,NA,NA
"241",241,"DDexp.pos",100,10,50,0.01,0.005,0,0,0,NA,NA,NA,NA,NA,NA,NA,NA,NA,NA,NA,0.1,0.05,0,-0.00693147180559945,-0.00693147180559945,0,NA,NA,NA
"242",242,"DDexp.pos",100,10,50,0.01,0.005,0,0,0,NA,NA,NA,NA,NA,NA,NA,NA,NA,NA,NA,1,0.5,0,-0.0460517018598809,-0.0460517018598809,0,NA,NA,NA
"243",243,"DDexp.pos",100,10,50,0.01,0.005,0.5,0,0,NA,NA,NA,NA,NA,NA,NA,NA,NA,NA,NA,0.1,0.05,0.05,-0.00693147180559945,-0.00693147180559945,-0.00693147180559945,NA,NA,NA
"244",244,"DDexp.pos",100,10,50,0.01,0.005,0.5,0,0,NA,NA,NA,NA,NA,NA,NA,NA,NA,NA,NA,1,0.5,0.5,-0.0460517018598809,-0.0460517018598809,-0.0460517018598809,NA,NA,NA
"245",245,"DDexp.pos",100,10,50,0.01,0.005,-0.5,0,0,NA,NA,NA,NA,NA,NA,NA,NA,NA,NA,NA,0.1,0.05,-0.05,-0.00693147180559945,-0.00693147180559945,-0.00693147180559945,NA,NA,NA
"246",246,"DDexp.pos",100,10,50,0.01,0.005,-0.5,0,0,NA,NA,NA,NA,NA,NA,NA,NA,NA,NA,NA,1,0.5,-0.5,-0.0460517018598809,-0.0460517018598809,-0.0460517018598809,NA,NA,NA
"247",247,"DDexp.pos",150,10,50,0.01,0.005,0,0,0,NA,NA,NA,NA,NA,NA,NA,NA,NA,NA,NA,0.1,0.05,0,-0.00462098120373297,-0.00462098120373297,0,NA,NA,NA
"248",248,"DDexp.pos",150,10,50,0.01,0.005,0,0,0,NA,NA,NA,NA,NA,NA,NA,NA,NA,NA,NA,1,0.5,0,-0.0307011345732539,-0.0307011345732539,0,NA,NA,NA
"249",249,"DDexp.pos",150,10,50,0.01,0.005,0.5,0,0,NA,NA,NA,NA,NA,NA,NA,NA,NA,NA,NA,0.1,0.05,0.05,-0.00462098120373297,-0.00462098120373297,-0.00462098120373297,NA,NA,NA
"250",250,"DDexp.pos",150,10,50,0.01,0.005,0.5,0,0,NA,NA,NA,NA,NA,NA,NA,NA,NA,NA,NA,1,0.5,0.5,-0.0307011345732539,-0.0307011345732539,-0.0307011345732539,NA,NA,NA
"251",251,"DDexp.pos",150,10,50,0.01,0.005,-0.5,0,0,NA,NA,NA,NA,NA,NA,NA,NA,NA,NA,NA,0.1,0.05,-0.05,-0.00462098120373297,-0.00462098120373297,-0.00462098120373297,NA,NA,NA
"252",252,"DDexp.pos",150,10,50,0.01,0.005,-0.5,0,0,NA,NA,NA,NA,NA,NA,NA,NA,NA,NA,NA,1,0.5,-0.5,-0.0307011345732539,-0.0307011345732539,-0.0307011345732539,NA,NA,NA
"253",253,"DDlin.neg",20,10,50,1,0.5,0,0,0,NA,NA,NA,NA,NA,NA,NA,NA,NA,NA,NA,0.5,0.25,0,NA,NA,NA,-0.025,-0.0125,0
"254",254,"DDlin.neg",20,10,50,1,0.5,0,0,0,NA,NA,NA,NA,NA,NA,NA,NA,NA,NA,NA,0.01,0.005,0,NA,NA,NA,-0.0495,-0.02475,0
"255",255,"DDlin.neg",20,10,50,1,0.5,0.5,0,0,NA,NA,NA,NA,NA,NA,NA,NA,NA,NA,NA,0.5,0.25,0.25,NA,NA,NA,-0.025,-0.0125,-0.0125
"256",256,"DDlin.neg",20,10,50,1,0.5,0.5,0,0,NA,NA,NA,NA,NA,NA,NA,NA,NA,NA,NA,0.01,0.005,0.005,NA,NA,NA,-0.0495,-0.02475,-0.02475
"257",257,"DDlin.neg",20,10,50,1,0.5,-0.5,0,0,NA,NA,NA,NA,NA,NA,NA,NA,NA,NA,NA,0.5,0.25,-0.25,NA,NA,NA,-0.025,-0.0125,0.0125
"258",258,"DDlin.neg",20,10,50,1,0.5,-0.5,0,0,NA,NA,NA,NA,NA,NA,NA,NA,NA,NA,NA,0.01,0.005,-0.005,NA,NA,NA,-0.0495,-0.02475,0.02475
"259",259,"DDlin.neg",50,10,50,1,0.5,0,0,0,NA,NA,NA,NA,NA,NA,NA,NA,NA,NA,NA,0.5,0.25,0,NA,NA,NA,-0.01,-0.005,0
"260",260,"DDlin.neg",50,10,50,1,0.5,0,0,0,NA,NA,NA,NA,NA,NA,NA,NA,NA,NA,NA,0.01,0.005,0,NA,NA,NA,-0.0198,-0.0099,0
"261",261,"DDlin.neg",50,10,50,1,0.5,0.5,0,0,NA,NA,NA,NA,NA,NA,NA,NA,NA,NA,NA,0.5,0.25,0.25,NA,NA,NA,-0.01,-0.005,-0.005
"262",262,"DDlin.neg",50,10,50,1,0.5,0.5,0,0,NA,NA,NA,NA,NA,NA,NA,NA,NA,NA,NA,0.01,0.005,0.005,NA,NA,NA,-0.0198,-0.0099,-0.0099
"263",263,"DDlin.neg",50,10,50,1,0.5,-0.5,0,0,NA,NA,NA,NA,NA,NA,NA,NA,NA,NA,NA,0.5,0.25,-0.25,NA,NA,NA,-0.01,-0.005,0.005
"264",264,"DDlin.neg",50,10,50,1,0.5,-0.5,0,0,NA,NA,NA,NA,NA,NA,NA,NA,NA,NA,NA,0.01,0.005,-0.005,NA,NA,NA,-0.0198,-0.0099,0.0099
"265",265,"DDlin.neg",100,10,50,1,0.5,0,0,0,NA,NA,NA,NA,NA,NA,NA,NA,NA,NA,NA,0.5,0.25,0,NA,NA,NA,-0.005,-0.0025,0
"266",266,"DDlin.neg",100,10,50,1,0.5,0,0,0,NA,NA,NA,NA,NA,NA,NA,NA,NA,NA,NA,0.01,0.005,0,NA,NA,NA,-0.0099,-0.00495,0
"267",267,"DDlin.neg",100,10,50,1,0.5,0.5,0,0,NA,NA,NA,NA,NA,NA,NA,NA,NA,NA,NA,0.5,0.25,0.25,NA,NA,NA,-0.005,-0.0025,-0.0025
"268",268,"DDlin.neg",100,10,50,1,0.5,0.5,0,0,NA,NA,NA,NA,NA,NA,NA,NA,NA,NA,NA,0.01,0.005,0.005,NA,NA,NA,-0.0099,-0.00495,-0.00495
"269",269,"DDlin.neg",100,10,50,1,0.5,-0.5,0,0,NA,NA,NA,NA,NA,NA,NA,NA,NA,NA,NA,0.5,0.25,-0.25,NA,NA,NA,-0.005,-0.0025,0.0025
"270",270,"DDlin.neg",100,10,50,1,0.5,-0.5,0,0,NA,NA,NA,NA,NA,NA,NA,NA,NA,NA,NA,0.01,0.005,-0.005,NA,NA,NA,-0.0099,-0.00495,0.00495
"271",271,"DDlin.neg",150,10,50,1,0.5,0,0,0,NA,NA,NA,NA,NA,NA,NA,NA,NA,NA,NA,0.5,0.25,0,NA,NA,NA,-0.00333333333333333,-0.00166666666666667,0
"272",272,"DDlin.neg",150,10,50,1,0.5,0,0,0,NA,NA,NA,NA,NA,NA,NA,NA,NA,NA,NA,0.01,0.005,0,NA,NA,NA,-0.0066,-0.0033,0
"273",273,"DDlin.neg",150,10,50,1,0.5,0.5,0,0,NA,NA,NA,NA,NA,NA,NA,NA,NA,NA,NA,0.5,0.25,0.25,NA,NA,NA,-0.00333333333333333,-0.00166666666666667,-0.00166666666666667
"274",274,"DDlin.neg",150,10,50,1,0.5,0.5,0,0,NA,NA,NA,NA,NA,NA,NA,NA,NA,NA,NA,0.01,0.005,0.005,NA,NA,NA,-0.0066,-0.0033,-0.0033
"275",275,"DDlin.neg",150,10,50,1,0.5,-0.5,0,0,NA,NA,NA,NA,NA,NA,NA,NA,NA,NA,NA,0.5,0.25,-0.25,NA,NA,NA,-0.00333333333333333,-0.00166666666666667,0.00166666666666667
"276",276,"DDlin.neg",150,10,50,1,0.5,-0.5,0,0,NA,NA,NA,NA,NA,NA,NA,NA,NA,NA,NA,0.01,0.005,-0.005,NA,NA,NA,-0.0066,-0.0033,0.0033
"277",277,"DDlin.pos",20,10,50,1,0.5,0,0,0,NA,NA,NA,NA,NA,NA,NA,NA,NA,NA,NA,0.1,0.05,0,NA,NA,NA,0.0045,0.00225,0
"278",278,"DDlin.pos",20,10,50,1,0.5,0,0,0,NA,NA,NA,NA,NA,NA,NA,NA,NA,NA,NA,1,0.5,0,NA,NA,NA,0.0495,0.02475,0
"279",279,"DDlin.pos",20,10,50,1,0.5,0.5,0,0,NA,NA,NA,NA,NA,NA,NA,NA,NA,NA,NA,0.1,0.05,0.05,NA,NA,NA,0.0045,0.00225,0.00225
"280",280,"DDlin.pos",20,10,50,1,0.5,0.5,0,0,NA,NA,NA,NA,NA,NA,NA,NA,NA,NA,NA,1,0.5,0.5,NA,NA,NA,0.0495,0.02475,0.02475
"281",281,"DDlin.pos",20,10,50,1,0.5,-0.5,0,0,NA,NA,NA,NA,NA,NA,NA,NA,NA,NA,NA,0.1,0.05,-0.05,NA,NA,NA,0.0045,0.00225,-0.00225
"282",282,"DDlin.pos",20,10,50,1,0.5,-0.5,0,0,NA,NA,NA,NA,NA,NA,NA,NA,NA,NA,NA,1,0.5,-0.5,NA,NA,NA,0.0495,0.02475,-0.02475
"283",283,"DDlin.pos",50,10,50,1,0.5,0,0,0,NA,NA,NA,NA,NA,NA,NA,NA,NA,NA,NA,0.1,0.05,0,NA,NA,NA,0.0018,9e-04,0
"284",284,"DDlin.pos",50,10,50,1,0.5,0,0,0,NA,NA,NA,NA,NA,NA,NA,NA,NA,NA,NA,1,0.5,0,NA,NA,NA,0.0198,0.0099,0
"285",285,"DDlin.pos",50,10,50,1,0.5,0.5,0,0,NA,NA,NA,NA,NA,NA,NA,NA,NA,NA,NA,0.1,0.05,0.05,NA,NA,NA,0.0018,9e-04,9e-04
"286",286,"DDlin.pos",50,10,50,1,0.5,0.5,0,0,NA,NA,NA,NA,NA,NA,NA,NA,NA,NA,NA,1,0.5,0.5,NA,NA,NA,0.0198,0.0099,0.0099
"287",287,"DDlin.pos",50,10,50,1,0.5,-0.5,0,0,NA,NA,NA,NA,NA,NA,NA,NA,NA,NA,NA,0.1,0.05,-0.05,NA,NA,NA,0.0018,9e-04,-9e-04
"288",288,"DDlin.pos",50,10,50,1,0.5,-0.5,0,0,NA,NA,NA,NA,NA,NA,NA,NA,NA,NA,NA,1,0.5,-0.5,NA,NA,NA,0.0198,0.0099,-0.0099
"289",289,"DDlin.pos",100,10,50,1,0.5,0,0,0,NA,NA,NA,NA,NA,NA,NA,NA,NA,NA,NA,0.1,0.05,0,NA,NA,NA,9e-04,0.00045,0
"290",290,"DDlin.pos",100,10,50,1,0.5,0,0,0,NA,NA,NA,NA,NA,NA,NA,NA,NA,NA,NA,1,0.5,0,NA,NA,NA,0.0099,0.00495,0
"291",291,"DDlin.pos",100,10,50,1,0.5,0.5,0,0,NA,NA,NA,NA,NA,NA,NA,NA,NA,NA,NA,0.1,0.05,0.05,NA,NA,NA,9e-04,0.00045,0.00045
"292",292,"DDlin.pos",100,10,50,1,0.5,0.5,0,0,NA,NA,NA,NA,NA,NA,NA,NA,NA,NA,NA,1,0.5,0.5,NA,NA,NA,0.0099,0.00495,0.00495
"293",293,"DDlin.pos",100,10,50,1,0.5,-0.5,0,0,NA,NA,NA,NA,NA,NA,NA,NA,NA,NA,NA,0.1,0.05,-0.05,NA,NA,NA,9e-04,0.00045,-0.00045
"294",294,"DDlin.pos",100,10,50,1,0.5,-0.5,0,0,NA,NA,NA,NA,NA,NA,NA,NA,NA,NA,NA,1,0.5,-0.5,NA,NA,NA,0.0099,0.00495,-0.00495
"295",295,"DDlin.pos",150,10,50,1,0.5,0,0,0,NA,NA,NA,NA,NA,NA,NA,NA,NA,NA,NA,0.1,0.05,0,NA,NA,NA,6e-04,3e-04,0
"296",296,"DDlin.pos",150,10,50,1,0.5,0,0,0,NA,NA,NA,NA,NA,NA,NA,NA,NA,NA,NA,1,0.5,0,NA,NA,NA,0.0066,0.0033,0
"297",297,"DDlin.pos",150,10,50,1,0.5,0.5,0,0,NA,NA,NA,NA,NA,NA,NA,NA,NA,NA,NA,0.1,0.05,0.05,NA,NA,NA,6e-04,3e-04,3e-04
"298",298,"DDlin.pos",150,10,50,1,0.5,0.5,0,0,NA,NA,NA,NA,NA,NA,NA,NA,NA,NA,NA,1,0.5,0.5,NA,NA,NA,0.0066,0.0033,0.0033
"299",299,"DDlin.pos",150,10,50,1,0.5,-0.5,0,0,NA,NA,NA,NA,NA,NA,NA,NA,NA,NA,NA,0.1,0.05,-0.05,NA,NA,NA,6e-04,3e-04,-3e-04
"300",300,"DDlin.pos",150,10,50,1,0.5,-0.5,0,0,NA,NA,NA,NA,NA,NA,NA,NA,NA,NA,NA,1,0.5,-0.5,NA,NA,NA,0.0066,0.0033,-0.0033
"301",1,"DDexp.neg",20,10,100,1,0.75,0.25,0,0,NA,NA,NA,NA,NA,NA,NA,NA,NA,NA,NA,0.5,0.5,0.1,-0.0346573590279973,-0.0202732554054082,-0.0458145365937078,NA,NA,NA
"302",2,"DDexp.neg",20,10,100,1,0.75,0.25,0,0,NA,NA,NA,NA,NA,NA,NA,NA,NA,NA,NA,0.1,0.05,0.05,-0.115129254649702,-0.135402510055111,-0.080471895621705,NA,NA,NA
"303",3,"DDexp.neg",20,10,100,1,0.5,0.25,0,0,NA,NA,NA,NA,NA,NA,NA,NA,NA,NA,NA,0.5,0.3,0.1,-0.0346573590279973,-0.0255412811882995,-0.0458145365937078,NA,NA,NA
"304",4,"DDexp.neg",20,10,100,1,0.5,0.25,0,0,NA,NA,NA,NA,NA,NA,NA,NA,NA,NA,NA,0.1,0.1,0.05,-0.115129254649702,-0.080471895621705,-0.080471895621705,NA,NA,NA
"305",5,"DDexp.neg",20,10,100,1,0.75,0,0,0,NA,NA,NA,NA,NA,NA,NA,NA,NA,NA,NA,0.5,0.5,0,-0.0346573590279973,-0.0202732554054082,0,NA,NA,NA
"306",6,"DDexp.neg",20,10,100,1,0.75,0,0,0,NA,NA,NA,NA,NA,NA,NA,NA,NA,NA,NA,0.1,0.05,0,-0.115129254649702,-0.135402510055111,0,NA,NA,NA
"307",7,"DDexp.neg",20,10,100,1,0.5,0,0,0,NA,NA,NA,NA,NA,NA,NA,NA,NA,NA,NA,0.5,0.3,0,-0.0346573590279973,-0.0255412811882995,0,NA,NA,NA
"308",8,"DDexp.neg",20,10,100,1,0.5,0,0,0,NA,NA,NA,NA,NA,NA,NA,NA,NA,NA,NA,0.1,0.1,0,-0.115129254649702,-0.080471895621705,0,NA,NA,NA
"309",9,"DDexp.neg",20,10,100,1,0.75,0.25,0,0,NA,NA,NA,NA,NA,NA,NA,NA,NA,NA,NA,0.5,0.5,0.25,-0.0346573590279973,-0.0202732554054082,0,NA,NA,NA
"310",10,"DDexp.neg",20,10,100,1,0.75,0.25,0,0,NA,NA,NA,NA,NA,NA,NA,NA,NA,NA,NA,0.3,0.25,0.25,-0.0601986402162968,-0.0549306144334055,0,NA,NA,NA
"311",11,"DDexp.neg",20,10,100,1,0.5,0.25,0,0,NA,NA,NA,NA,NA,NA,NA,NA,NA,NA,NA,0.5,0.3,0.25,-0.0346573590279973,-0.0255412811882995,0,NA,NA,NA
"312",12,"DDexp.neg",20,10,100,1,0.5,0.25,0,0,NA,NA,NA,NA,NA,NA,NA,NA,NA,NA,NA,0.3,0.25,0.25,-0.0601986402162968,-0.0346573590279973,0,NA,NA,NA
"313",13,"DDexp.neg",50,10,100,1,0.75,0.25,0,0,NA,NA,NA,NA,NA,NA,NA,NA,NA,NA,NA,0.5,0.5,0.1,-0.0138629436111989,-0.00810930216216329,-0.0183258146374831,NA,NA,NA
"314",14,"DDexp.neg",50,10,100,1,0.75,0.25,0,0,NA,NA,NA,NA,NA,NA,NA,NA,NA,NA,NA,0.1,0.05,0.05,-0.0460517018598809,-0.0541610040220442,-0.032188758248682,NA,NA,NA
"315",15,"DDexp.neg",50,10,100,1,0.5,0.25,0,0,NA,NA,NA,NA,NA,NA,NA,NA,NA,NA,NA,0.5,0.3,0.1,-0.0138629436111989,-0.0102165124753198,-0.0183258146374831,NA,NA,NA
"316",16,"DDexp.neg",50,10,100,1,0.5,0.25,0,0,NA,NA,NA,NA,NA,NA,NA,NA,NA,NA,NA,0.1,0.1,0.05,-0.0460517018598809,-0.032188758248682,-0.032188758248682,NA,NA,NA
"317",17,"DDexp.neg",50,10,100,1,0.75,0,0,0,NA,NA,NA,NA,NA,NA,NA,NA,NA,NA,NA,0.5,0.5,0,-0.0138629436111989,-0.00810930216216329,0,NA,NA,NA
"318",18,"DDexp.neg",50,10,100,1,0.75,0,0,0,NA,NA,NA,NA,NA,NA,NA,NA,NA,NA,NA,0.1,0.05,0,-0.0460517018598809,-0.0541610040220442,0,NA,NA,NA
"319",19,"DDexp.neg",50,10,100,1,0.5,0,0,0,NA,NA,NA,NA,NA,NA,NA,NA,NA,NA,NA,0.5,0.3,0,-0.0138629436111989,-0.0102165124753198,0,NA,NA,NA
"320",20,"DDexp.neg",50,10,100,1,0.5,0,0,0,NA,NA,NA,NA,NA,NA,NA,NA,NA,NA,NA,0.1,0.1,0,-0.0460517018598809,-0.032188758248682,0,NA,NA,NA
"321",21,"DDexp.neg",50,10,100,1,0.75,0.25,0,0,NA,NA,NA,NA,NA,NA,NA,NA,NA,NA,NA,0.5,0.5,0.25,-0.0138629436111989,-0.00810930216216329,0,NA,NA,NA
"322",22,"DDexp.neg",50,10,100,1,0.75,0.25,0,0,NA,NA,NA,NA,NA,NA,NA,NA,NA,NA,NA,0.3,0.25,0.25,-0.0240794560865187,-0.0219722457733622,0,NA,NA,NA
"323",23,"DDexp.neg",50,10,100,1,0.5,0.25,0,0,NA,NA,NA,NA,NA,NA,NA,NA,NA,NA,NA,0.5,0.3,0.25,-0.0138629436111989,-0.0102165124753198,0,NA,NA,NA
"324",24,"DDexp.neg",50,10,100,1,0.5,0.25,0,0,NA,NA,NA,NA,NA,NA,NA,NA,NA,NA,NA,0.3,0.25,0.25,-0.0240794560865187,-0.0138629436111989,0,NA,NA,NA
"325",25,"DDexp.neg",100,10,100,1,0.75,0.25,0,0,NA,NA,NA,NA,NA,NA,NA,NA,NA,NA,NA,0.5,0.5,0.1,-0.00693147180559945,-0.00405465108108164,-0.00916290731874155,NA,NA,NA
"326",26,"DDexp.neg",100,10,100,1,0.75,0.25,0,0,NA,NA,NA,NA,NA,NA,NA,NA,NA,NA,NA,0.1,0.05,0.05,-0.0230258509299405,-0.0270805020110221,-0.016094379124341,NA,NA,NA
"327",27,"DDexp.neg",100,10,100,1,0.5,0.25,0,0,NA,NA,NA,NA,NA,NA,NA,NA,NA,NA,NA,0.5,0.3,0.1,-0.00693147180559945,-0.00510825623765991,-0.00916290731874155,NA,NA,NA
"328",28,"DDexp.neg",100,10,100,1,0.5,0.25,0,0,NA,NA,NA,NA,NA,NA,NA,NA,NA,NA,NA,0.1,0.1,0.05,-0.0230258509299405,-0.016094379124341,-0.016094379124341,NA,NA,NA
"329",29,"DDexp.neg",100,10,100,1,0.75,0,0,0,NA,NA,NA,NA,NA,NA,NA,NA,NA,NA,NA,0.5,0.5,0,-0.00693147180559945,-0.00405465108108164,0,NA,NA,NA
"330",30,"DDexp.neg",100,10,100,1,0.75,0,0,0,NA,NA,NA,NA,NA,NA,NA,NA,NA,NA,NA,0.1,0.05,0,-0.0230258509299405,-0.0270805020110221,0,NA,NA,NA
"331",31,"DDexp.neg",100,10,100,1,0.5,0,0,0,NA,NA,NA,NA,NA,NA,NA,NA,NA,NA,NA,0.5,0.3,0,-0.00693147180559945,-0.00510825623765991,0,NA,NA,NA
"332",32,"DDexp.neg",100,10,100,1,0.5,0,0,0,NA,NA,NA,NA,NA,NA,NA,NA,NA,NA,NA,0.1,0.1,0,-0.0230258509299405,-0.016094379124341,0,NA,NA,NA
"333",33,"DDexp.neg",100,10,100,1,0.75,0.25,0,0,NA,NA,NA,NA,NA,NA,NA,NA,NA,NA,NA,0.5,0.5,0.25,-0.00693147180559945,-0.00405465108108164,0,NA,NA,NA
"334",34,"DDexp.neg",100,10,100,1,0.75,0.25,0,0,NA,NA,NA,NA,NA,NA,NA,NA,NA,NA,NA,0.3,0.25,0.25,-0.0120397280432594,-0.0109861228866811,0,NA,NA,NA
"335",35,"DDexp.neg",100,10,100,1,0.5,0.25,0,0,NA,NA,NA,NA,NA,NA,NA,NA,NA,NA,NA,0.5,0.3,0.25,-0.00693147180559945,-0.00510825623765991,0,NA,NA,NA
"336",36,"DDexp.neg",100,10,100,1,0.5,0.25,0,0,NA,NA,NA,NA,NA,NA,NA,NA,NA,NA,NA,0.3,0.25,0.25,-0.0120397280432594,-0.00693147180559945,0,NA,NA,NA
"337",37,"DDexp.neg",150,10,100,1,0.75,0.25,0,0,NA,NA,NA,NA,NA,NA,NA,NA,NA,NA,NA,0.5,0.5,0.1,-0.00462098120373297,-0.0027031007207211,-0.00610860487916103,NA,NA,NA
"338",38,"DDexp.neg",150,10,100,1,0.75,0.25,0,0,NA,NA,NA,NA,NA,NA,NA,NA,NA,NA,NA,0.1,0.05,0.05,-0.015350567286627,-0.0180536680073481,-0.010729586082894,NA,NA,NA
"339",39,"DDexp.neg",150,10,100,1,0.5,0.25,0,0,NA,NA,NA,NA,NA,NA,NA,NA,NA,NA,NA,0.5,0.3,0.1,-0.00462098120373297,-0.00340550415843994,-0.00610860487916103,NA,NA,NA
"340",40,"DDexp.neg",150,10,100,1,0.5,0.25,0,0,NA,NA,NA,NA,NA,NA,NA,NA,NA,NA,NA,0.1,0.1,0.05,-0.015350567286627,-0.010729586082894,-0.010729586082894,NA,NA,NA
"341",41,"DDexp.neg",150,10,100,1,0.75,0,0,0,NA,NA,NA,NA,NA,NA,NA,NA,NA,NA,NA,0.5,0.5,0,-0.00462098120373297,-0.0027031007207211,0,NA,NA,NA
"342",42,"DDexp.neg",150,10,100,1,0.75,0,0,0,NA,NA,NA,NA,NA,NA,NA,NA,NA,NA,NA,0.1,0.05,0,-0.015350567286627,-0.0180536680073481,0,NA,NA,NA
"343",43,"DDexp.neg",150,10,100,1,0.5,0,0,0,NA,NA,NA,NA,NA,NA,NA,NA,NA,NA,NA,0.5,0.3,0,-0.00462098120373297,-0.00340550415843994,0,NA,NA,NA
"344",44,"DDexp.neg",150,10,100,1,0.5,0,0,0,NA,NA,NA,NA,NA,NA,NA,NA,NA,NA,NA,0.1,0.1,0,-0.015350567286627,-0.010729586082894,0,NA,NA,NA
"345",45,"DDexp.neg",150,10,100,1,0.75,0.25,0,0,NA,NA,NA,NA,NA,NA,NA,NA,NA,NA,NA,0.5,0.5,0.25,-0.00462098120373297,-0.0027031007207211,0,NA,NA,NA
"346",46,"DDexp.neg",150,10,100,1,0.75,0.25,0,0,NA,NA,NA,NA,NA,NA,NA,NA,NA,NA,NA,0.3,0.25,0.25,-0.00802648536217291,-0.00732408192445407,0,NA,NA,NA
"347",47,"DDexp.neg",150,10,100,1,0.5,0.25,0,0,NA,NA,NA,NA,NA,NA,NA,NA,NA,NA,NA,0.5,0.3,0.25,-0.00462098120373297,-0.00340550415843994,0,NA,NA,NA
"348",48,"DDexp.neg",150,10,100,1,0.5,0.25,0,0,NA,NA,NA,NA,NA,NA,NA,NA,NA,NA,NA,0.3,0.25,0.25,-0.00802648536217291,-0.00462098120373297,0,NA,NA,NA
"349",49,"DDexp.pos",20,10,100,0.1,0.05,0.25,0,0,NA,NA,NA,NA,NA,NA,NA,NA,NA,NA,NA,0.5,0.5,0.1,-0.0346573590279973,-0.0202732554054082,-0.0458145365937078,NA,NA,NA
"350",50,"DDexp.pos",20,10,100,0.1,0.05,0.25,0,0,NA,NA,NA,NA,NA,NA,NA,NA,NA,NA,NA,1,0.75,0.25,-0.115129254649702,-0.135402510055111,-0.080471895621705,NA,NA,NA
"351",51,"DDexp.pos",20,10,100,0.1,0.1,0.25,0,0,NA,NA,NA,NA,NA,NA,NA,NA,NA,NA,NA,0.5,0.3,0.1,-0.0346573590279973,-0.0255412811882995,-0.0458145365937078,NA,NA,NA
"352",52,"DDexp.pos",20,10,100,0.1,0.1,0.25,0,0,NA,NA,NA,NA,NA,NA,NA,NA,NA,NA,NA,1,0.5,0.25,-0.115129254649702,-0.080471895621705,-0.080471895621705,NA,NA,NA
"353",53,"DDexp.pos",20,10,100,0.1,0.05,0,0,0,NA,NA,NA,NA,NA,NA,NA,NA,NA,NA,NA,0.5,0.5,0,-0.0346573590279973,-0.0202732554054082,0,NA,NA,NA
"354",54,"DDexp.pos",20,10,100,0.1,0.05,0,0,0,NA,NA,NA,NA,NA,NA,NA,NA,NA,NA,NA,1,0.75,0,-0.115129254649702,-0.135402510055111,0,NA,NA,NA
"355",55,"DDexp.pos",20,10,100,0.1,0.1,0,0,0,NA,NA,NA,NA,NA,NA,NA,NA,NA,NA,NA,0.5,0.3,0,-0.0346573590279973,-0.0255412811882995,0,NA,NA,NA
"356",56,"DDexp.pos",20,10,100,0.1,0.1,0,0,0,NA,NA,NA,NA,NA,NA,NA,NA,NA,NA,NA,1,0.5,0,-0.115129254649702,-0.080471895621705,0,NA,NA,NA
"357",57,"DDexp.pos",20,10,100,0.3,0.25,0.25,0,0,NA,NA,NA,NA,NA,NA,NA,NA,NA,NA,NA,0.5,0.5,0.25,-0.0346573590279973,-0.0202732554054082,0,NA,NA,NA
"358",58,"DDexp.pos",20,10,100,0.3,0.25,0.25,0,0,NA,NA,NA,NA,NA,NA,NA,NA,NA,NA,NA,1,0.75,0.25,-0.0601986402162968,-0.0549306144334055,0,NA,NA,NA
"359",59,"DDexp.pos",20,10,100,0.3,0.25,0.25,0,0,NA,NA,NA,NA,NA,NA,NA,NA,NA,NA,NA,0.5,0.3,0.25,-0.0346573590279973,-0.0255412811882995,0,NA,NA,NA
"360",60,"DDexp.pos",20,10,100,0.3,0.25,0.25,0,0,NA,NA,NA,NA,NA,NA,NA,NA,NA,NA,NA,1,0.5,0.25,-0.0601986402162968,-0.0346573590279973,0,NA,NA,NA
"361",61,"DDexp.pos",50,10,100,0.1,0.05,0.25,0,0,NA,NA,NA,NA,NA,NA,NA,NA,NA,NA,NA,0.5,0.5,0.1,-0.0138629436111989,-0.00810930216216329,-0.0183258146374831,NA,NA,NA
"362",62,"DDexp.pos",50,10,100,0.1,0.05,0.25,0,0,NA,NA,NA,NA,NA,NA,NA,NA,NA,NA,NA,1,0.75,0.25,-0.0460517018598809,-0.0541610040220442,-0.032188758248682,NA,NA,NA
"363",63,"DDexp.pos",50,10,100,0.1,0.1,0.25,0,0,NA,NA,NA,NA,NA,NA,NA,NA,NA,NA,NA,0.5,0.3,0.1,-0.0138629436111989,-0.0102165124753198,-0.0183258146374831,NA,NA,NA
"364",64,"DDexp.pos",50,10,100,0.1,0.1,0.25,0,0,NA,NA,NA,NA,NA,NA,NA,NA,NA,NA,NA,1,0.5,0.25,-0.0460517018598809,-0.032188758248682,-0.032188758248682,NA,NA,NA
"365",65,"DDexp.pos",50,10,100,0.1,0.05,0,0,0,NA,NA,NA,NA,NA,NA,NA,NA,NA,NA,NA,0.5,0.5,0,-0.0138629436111989,-0.00810930216216329,0,NA,NA,NA
"366",66,"DDexp.pos",50,10,100,0.1,0.05,0,0,0,NA,NA,NA,NA,NA,NA,NA,NA,NA,NA,NA,1,0.75,0,-0.0460517018598809,-0.0541610040220442,0,NA,NA,NA
"367",67,"DDexp.pos",50,10,100,0.1,0.1,0,0,0,NA,NA,NA,NA,NA,NA,NA,NA,NA,NA,NA,0.5,0.3,0,-0.0138629436111989,-0.0102165124753198,0,NA,NA,NA
"368",68,"DDexp.pos",50,10,100,0.1,0.1,0,0,0,NA,NA,NA,NA,NA,NA,NA,NA,NA,NA,NA,1,0.5,0,-0.0460517018598809,-0.032188758248682,0,NA,NA,NA
"369",69,"DDexp.pos",50,10,100,0.3,0.25,0.25,0,0,NA,NA,NA,NA,NA,NA,NA,NA,NA,NA,NA,0.5,0.5,0.25,-0.0138629436111989,-0.00810930216216329,0,NA,NA,NA
"370",70,"DDexp.pos",50,10,100,0.3,0.25,0.25,0,0,NA,NA,NA,NA,NA,NA,NA,NA,NA,NA,NA,1,0.75,0.25,-0.0240794560865187,-0.0219722457733622,0,NA,NA,NA
"371",71,"DDexp.pos",50,10,100,0.3,0.25,0.25,0,0,NA,NA,NA,NA,NA,NA,NA,NA,NA,NA,NA,0.5,0.3,0.25,-0.0138629436111989,-0.0102165124753198,0,NA,NA,NA
"372",72,"DDexp.pos",50,10,100,0.3,0.25,0.25,0,0,NA,NA,NA,NA,NA,NA,NA,NA,NA,NA,NA,1,0.5,0.25,-0.0240794560865187,-0.0138629436111989,0,NA,NA,NA
"373",73,"DDexp.pos",100,10,100,0.1,0.05,0.25,0,0,NA,NA,NA,NA,NA,NA,NA,NA,NA,NA,NA,0.5,0.5,0.1,-0.00693147180559945,-0.00405465108108164,-0.00916290731874155,NA,NA,NA
"374",74,"DDexp.pos",100,10,100,0.1,0.05,0.25,0,0,NA,NA,NA,NA,NA,NA,NA,NA,NA,NA,NA,1,0.75,0.25,-0.0230258509299405,-0.0270805020110221,-0.016094379124341,NA,NA,NA
"375",75,"DDexp.pos",100,10,100,0.1,0.1,0.25,0,0,NA,NA,NA,NA,NA,NA,NA,NA,NA,NA,NA,0.5,0.3,0.1,-0.00693147180559945,-0.00510825623765991,-0.00916290731874155,NA,NA,NA
"376",76,"DDexp.pos",100,10,100,0.1,0.1,0.25,0,0,NA,NA,NA,NA,NA,NA,NA,NA,NA,NA,NA,1,0.5,0.25,-0.0230258509299405,-0.016094379124341,-0.016094379124341,NA,NA,NA
"377",77,"DDexp.pos",100,10,100,0.1,0.05,0,0,0,NA,NA,NA,NA,NA,NA,NA,NA,NA,NA,NA,0.5,0.5,0,-0.00693147180559945,-0.00405465108108164,0,NA,NA,NA
"378",78,"DDexp.pos",100,10,100,0.1,0.05,0,0,0,NA,NA,NA,NA,NA,NA,NA,NA,NA,NA,NA,1,0.75,0,-0.0230258509299405,-0.0270805020110221,0,NA,NA,NA
"379",79,"DDexp.pos",100,10,100,0.1,0.1,0,0,0,NA,NA,NA,NA,NA,NA,NA,NA,NA,NA,NA,0.5,0.3,0,-0.00693147180559945,-0.00510825623765991,0,NA,NA,NA
"380",80,"DDexp.pos",100,10,100,0.1,0.1,0,0,0,NA,NA,NA,NA,NA,NA,NA,NA,NA,NA,NA,1,0.5,0,-0.0230258509299405,-0.016094379124341,0,NA,NA,NA
"381",81,"DDexp.pos",100,10,100,0.3,0.25,0.25,0,0,NA,NA,NA,NA,NA,NA,NA,NA,NA,NA,NA,0.5,0.5,0.25,-0.00693147180559945,-0.00405465108108164,0,NA,NA,NA
"382",82,"DDexp.pos",100,10,100,0.3,0.25,0.25,0,0,NA,NA,NA,NA,NA,NA,NA,NA,NA,NA,NA,1,0.75,0.25,-0.0120397280432594,-0.0109861228866811,0,NA,NA,NA
"383",83,"DDexp.pos",100,10,100,0.3,0.25,0.25,0,0,NA,NA,NA,NA,NA,NA,NA,NA,NA,NA,NA,0.5,0.3,0.25,-0.00693147180559945,-0.00510825623765991,0,NA,NA,NA
"384",84,"DDexp.pos",100,10,100,0.3,0.25,0.25,0,0,NA,NA,NA,NA,NA,NA,NA,NA,NA,NA,NA,1,0.5,0.25,-0.0120397280432594,-0.00693147180559945,0,NA,NA,NA
"385",85,"DDexp.pos",150,10,100,0.1,0.05,0.25,0,0,NA,NA,NA,NA,NA,NA,NA,NA,NA,NA,NA,0.5,0.5,0.1,-0.00462098120373297,-0.0027031007207211,-0.00610860487916103,NA,NA,NA
"386",86,"DDexp.pos",150,10,100,0.1,0.05,0.25,0,0,NA,NA,NA,NA,NA,NA,NA,NA,NA,NA,NA,1,0.75,0.25,-0.015350567286627,-0.0180536680073481,-0.010729586082894,NA,NA,NA
"387",87,"DDexp.pos",150,10,100,0.1,0.1,0.25,0,0,NA,NA,NA,NA,NA,NA,NA,NA,NA,NA,NA,0.5,0.3,0.1,-0.00462098120373297,-0.00340550415843994,-0.00610860487916103,NA,NA,NA
"388",88,"DDexp.pos",150,10,100,0.1,0.1,0.25,0,0,NA,NA,NA,NA,NA,NA,NA,NA,NA,NA,NA,1,0.5,0.25,-0.015350567286627,-0.010729586082894,-0.010729586082894,NA,NA,NA
"389",89,"DDexp.pos",150,10,100,0.1,0.05,0,0,0,NA,NA,NA,NA,NA,NA,NA,NA,NA,NA,NA,0.5,0.5,0,-0.00462098120373297,-0.0027031007207211,0,NA,NA,NA
"390",90,"DDexp.pos",150,10,100,0.1,0.05,0,0,0,NA,NA,NA,NA,NA,NA,NA,NA,NA,NA,NA,1,0.75,0,-0.015350567286627,-0.0180536680073481,0,NA,NA,NA
"391",91,"DDexp.pos",150,10,100,0.1,0.1,0,0,0,NA,NA,NA,NA,NA,NA,NA,NA,NA,NA,NA,0.5,0.3,0,-0.00462098120373297,-0.00340550415843994,0,NA,NA,NA
"392",92,"DDexp.pos",150,10,100,0.1,0.1,0,0,0,NA,NA,NA,NA,NA,NA,NA,NA,NA,NA,NA,1,0.5,0,-0.015350567286627,-0.010729586082894,0,NA,NA,NA
"393",93,"DDexp.pos",150,10,100,0.3,0.25,0.25,0,0,NA,NA,NA,NA,NA,NA,NA,NA,NA,NA,NA,0.5,0.5,0.25,-0.00462098120373297,-0.0027031007207211,0,NA,NA,NA
"394",94,"DDexp.pos",150,10,100,0.3,0.25,0.25,0,0,NA,NA,NA,NA,NA,NA,NA,NA,NA,NA,NA,1,0.75,0.25,-0.00802648536217291,-0.00732408192445407,0,NA,NA,NA
"395",95,"DDexp.pos",150,10,100,0.3,0.25,0.25,0,0,NA,NA,NA,NA,NA,NA,NA,NA,NA,NA,NA,0.5,0.3,0.25,-0.00462098120373297,-0.00340550415843994,0,NA,NA,NA
"396",96,"DDexp.pos",150,10,100,0.3,0.25,0.25,0,0,NA,NA,NA,NA,NA,NA,NA,NA,NA,NA,NA,1,0.5,0.25,-0.00802648536217291,-0.00462098120373297,0,NA,NA,NA
"397",97,"DDlin.neg",20,10,100,1,0.75,0.25,0,0,NA,NA,NA,NA,NA,NA,NA,NA,NA,NA,NA,0.5,0.5,0.1,NA,NA,NA,-0.025,-0.0125,-0.0075
"398",98,"DDlin.neg",20,10,100,1,0.75,0.25,0,0,NA,NA,NA,NA,NA,NA,NA,NA,NA,NA,NA,0.1,0.05,0.05,NA,NA,NA,-0.045,-0.035,-0.01
"399",99,"DDlin.neg",20,10,100,1,0.5,0.25,0,0,NA,NA,NA,NA,NA,NA,NA,NA,NA,NA,NA,0.5,0.3,0.1,NA,NA,NA,-0.025,-0.01,-0.0075
"400",100,"DDlin.neg",20,10,100,1,0.5,0.25,0,0,NA,NA,NA,NA,NA,NA,NA,NA,NA,NA,NA,0.1,0.1,0.05,NA,NA,NA,-0.045,-0.02,-0.01
"401",101,"DDlin.neg",20,10,100,1,0.75,0,0,0,NA,NA,NA,NA,NA,NA,NA,NA,NA,NA,NA,0.5,0.5,0,NA,NA,NA,-0.025,-0.0125,0
"402",102,"DDlin.neg",20,10,100,1,0.75,0,0,0,NA,NA,NA,NA,NA,NA,NA,NA,NA,NA,NA,0.1,0.05,0,NA,NA,NA,-0.045,-0.035,0
"403",103,"DDlin.neg",20,10,100,1,0.5,0,0,0,NA,NA,NA,NA,NA,NA,NA,NA,NA,NA,NA,0.5,0.3,0,NA,NA,NA,-0.025,-0.01,0
"404",104,"DDlin.neg",20,10,100,1,0.5,0,0,0,NA,NA,NA,NA,NA,NA,NA,NA,NA,NA,NA,0.1,0.1,0,NA,NA,NA,-0.045,-0.02,0
"405",105,"DDlin.neg",20,10,100,1,0.75,0.25,0,0,NA,NA,NA,NA,NA,NA,NA,NA,NA,NA,NA,0.5,0.5,0.25,NA,NA,NA,-0.025,-0.0125,0
"406",106,"DDlin.neg",20,10,100,1,0.75,0.25,0,0,NA,NA,NA,NA,NA,NA,NA,NA,NA,NA,NA,0.3,0.25,0.25,NA,NA,NA,-0.035,-0.025,0
"407",107,"DDlin.neg",20,10,100,1,0.5,0.25,0,0,NA,NA,NA,NA,NA,NA,NA,NA,NA,NA,NA,0.5,0.3,0.25,NA,NA,NA,-0.025,-0.01,0
"408",108,"DDlin.neg",20,10,100,1,0.5,0.25,0,0,NA,NA,NA,NA,NA,NA,NA,NA,NA,NA,NA,0.3,0.25,0.25,NA,NA,NA,-0.035,-0.0125,0
"409",109,"DDlin.neg",50,10,100,1,0.75,0.25,0,0,NA,NA,NA,NA,NA,NA,NA,NA,NA,NA,NA,0.5,0.5,0.1,NA,NA,NA,-0.01,-0.005,-0.003
"410",110,"DDlin.neg",50,10,100,1,0.75,0.25,0,0,NA,NA,NA,NA,NA,NA,NA,NA,NA,NA,NA,0.1,0.05,0.05,NA,NA,NA,-0.018,-0.014,-0.004
"411",111,"DDlin.neg",50,10,100,1,0.5,0.25,0,0,NA,NA,NA,NA,NA,NA,NA,NA,NA,NA,NA,0.5,0.3,0.1,NA,NA,NA,-0.01,-0.004,-0.003
"412",112,"DDlin.neg",50,10,100,1,0.5,0.25,0,0,NA,NA,NA,NA,NA,NA,NA,NA,NA,NA,NA,0.1,0.1,0.05,NA,NA,NA,-0.018,-0.008,-0.004
"413",113,"DDlin.neg",50,10,100,1,0.75,0,0,0,NA,NA,NA,NA,NA,NA,NA,NA,NA,NA,NA,0.5,0.5,0,NA,NA,NA,-0.01,-0.005,0
"414",114,"DDlin.neg",50,10,100,1,0.75,0,0,0,NA,NA,NA,NA,NA,NA,NA,NA,NA,NA,NA,0.1,0.05,0,NA,NA,NA,-0.018,-0.014,0
"415",115,"DDlin.neg",50,10,100,1,0.5,0,0,0,NA,NA,NA,NA,NA,NA,NA,NA,NA,NA,NA,0.5,0.3,0,NA,NA,NA,-0.01,-0.004,0
"416",116,"DDlin.neg",50,10,100,1,0.5,0,0,0,NA,NA,NA,NA,NA,NA,NA,NA,NA,NA,NA,0.1,0.1,0,NA,NA,NA,-0.018,-0.008,0
"417",117,"DDlin.neg",50,10,100,1,0.75,0.25,0,0,NA,NA,NA,NA,NA,NA,NA,NA,NA,NA,NA,0.5,0.5,0.25,NA,NA,NA,-0.01,-0.005,0
"418",118,"DDlin.neg",50,10,100,1,0.75,0.25,0,0,NA,NA,NA,NA,NA,NA,NA,NA,NA,NA,NA,0.3,0.25,0.25,NA,NA,NA,-0.014,-0.01,0
"419",119,"DDlin.neg",50,10,100,1,0.5,0.25,0,0,NA,NA,NA,NA,NA,NA,NA,NA,NA,NA,NA,0.5,0.3,0.25,NA,NA,NA,-0.01,-0.004,0
"420",120,"DDlin.neg",50,10,100,1,0.5,0.25,0,0,NA,NA,NA,NA,NA,NA,NA,NA,NA,NA,NA,0.3,0.25,0.25,NA,NA,NA,-0.014,-0.005,0
"421",121,"DDlin.neg",100,10,100,1,0.75,0.25,0,0,NA,NA,NA,NA,NA,NA,NA,NA,NA,NA,NA,0.5,0.5,0.1,NA,NA,NA,-0.005,-0.0025,-0.0015
"422",122,"DDlin.neg",100,10,100,1,0.75,0.25,0,0,NA,NA,NA,NA,NA,NA,NA,NA,NA,NA,NA,0.1,0.05,0.05,NA,NA,NA,-0.009,-0.007,-0.002
"423",123,"DDlin.neg",100,10,100,1,0.5,0.25,0,0,NA,NA,NA,NA,NA,NA,NA,NA,NA,NA,NA,0.5,0.3,0.1,NA,NA,NA,-0.005,-0.002,-0.0015
"424",124,"DDlin.neg",100,10,100,1,0.5,0.25,0,0,NA,NA,NA,NA,NA,NA,NA,NA,NA,NA,NA,0.1,0.1,0.05,NA,NA,NA,-0.009,-0.004,-0.002
"425",125,"DDlin.neg",100,10,100,1,0.75,0,0,0,NA,NA,NA,NA,NA,NA,NA,NA,NA,NA,NA,0.5,0.5,0,NA,NA,NA,-0.005,-0.0025,0
"426",126,"DDlin.neg",100,10,100,1,0.75,0,0,0,NA,NA,NA,NA,NA,NA,NA,NA,NA,NA,NA,0.1,0.05,0,NA,NA,NA,-0.009,-0.007,0
"427",127,"DDlin.neg",100,10,100,1,0.5,0,0,0,NA,NA,NA,NA,NA,NA,NA,NA,NA,NA,NA,0.5,0.3,0,NA,NA,NA,-0.005,-0.002,0
"428",128,"DDlin.neg",100,10,100,1,0.5,0,0,0,NA,NA,NA,NA,NA,NA,NA,NA,NA,NA,NA,0.1,0.1,0,NA,NA,NA,-0.009,-0.004,0
"429",129,"DDlin.neg",100,10,100,1,0.75,0.25,0,0,NA,NA,NA,NA,NA,NA,NA,NA,NA,NA,NA,0.5,0.5,0.25,NA,NA,NA,-0.005,-0.0025,0
"430",130,"DDlin.neg",100,10,100,1,0.75,0.25,0,0,NA,NA,NA,NA,NA,NA,NA,NA,NA,NA,NA,0.3,0.25,0.25,NA,NA,NA,-0.007,-0.005,0
"431",131,"DDlin.neg",100,10,100,1,0.5,0.25,0,0,NA,NA,NA,NA,NA,NA,NA,NA,NA,NA,NA,0.5,0.3,0.25,NA,NA,NA,-0.005,-0.002,0
"432",132,"DDlin.neg",100,10,100,1,0.5,0.25,0,0,NA,NA,NA,NA,NA,NA,NA,NA,NA,NA,NA,0.3,0.25,0.25,NA,NA,NA,-0.007,-0.0025,0
"433",133,"DDlin.neg",150,10,100,1,0.75,0.25,0,0,NA,NA,NA,NA,NA,NA,NA,NA,NA,NA,NA,0.5,0.5,0.1,NA,NA,NA,-0.00333333333333333,-0.00166666666666667,-0.001
"434",134,"DDlin.neg",150,10,100,1,0.75,0.25,0,0,NA,NA,NA,NA,NA,NA,NA,NA,NA,NA,NA,0.1,0.05,0.05,NA,NA,NA,-0.006,-0.00466666666666667,-0.00133333333333333
"435",135,"DDlin.neg",150,10,100,1,0.5,0.25,0,0,NA,NA,NA,NA,NA,NA,NA,NA,NA,NA,NA,0.5,0.3,0.1,NA,NA,NA,-0.00333333333333333,-0.00133333333333333,-0.001
"436",136,"DDlin.neg",150,10,100,1,0.5,0.25,0,0,NA,NA,NA,NA,NA,NA,NA,NA,NA,NA,NA,0.1,0.1,0.05,NA,NA,NA,-0.006,-0.00266666666666667,-0.00133333333333333
"437",137,"DDlin.neg",150,10,100,1,0.75,0,0,0,NA,NA,NA,NA,NA,NA,NA,NA,NA,NA,NA,0.5,0.5,0,NA,NA,NA,-0.00333333333333333,-0.00166666666666667,0
"438",138,"DDlin.neg",150,10,100,1,0.75,0,0,0,NA,NA,NA,NA,NA,NA,NA,NA,NA,NA,NA,0.1,0.05,0,NA,NA,NA,-0.006,-0.00466666666666667,0
"439",139,"DDlin.neg",150,10,100,1,0.5,0,0,0,NA,NA,NA,NA,NA,NA,NA,NA,NA,NA,NA,0.5,0.3,0,NA,NA,NA,-0.00333333333333333,-0.00133333333333333,0
"440",140,"DDlin.neg",150,10,100,1,0.5,0,0,0,NA,NA,NA,NA,NA,NA,NA,NA,NA,NA,NA,0.1,0.1,0,NA,NA,NA,-0.006,-0.00266666666666667,0
"441",141,"DDlin.neg",150,10,100,1,0.75,0.25,0,0,NA,NA,NA,NA,NA,NA,NA,NA,NA,NA,NA,0.5,0.5,0.25,NA,NA,NA,-0.00333333333333333,-0.00166666666666667,0
"442",142,"DDlin.neg",150,10,100,1,0.75,0.25,0,0,NA,NA,NA,NA,NA,NA,NA,NA,NA,NA,NA,0.3,0.25,0.25,NA,NA,NA,-0.00466666666666667,-0.00333333333333333,0
"443",143,"DDlin.neg",150,10,100,1,0.5,0.25,0,0,NA,NA,NA,NA,NA,NA,NA,NA,NA,NA,NA,0.5,0.3,0.25,NA,NA,NA,-0.00333333333333333,-0.00133333333333333,0
"444",144,"DDlin.neg",150,10,100,1,0.5,0.25,0,0,NA,NA,NA,NA,NA,NA,NA,NA,NA,NA,NA,0.3,0.25,0.25,NA,NA,NA,-0.00466666666666667,-0.00166666666666667,0
"445",145,"DDlin.pos",20,10,100,1,0.75,0.25,0,0,NA,NA,NA,NA,NA,NA,NA,NA,NA,NA,NA,0.5,0.5,0.1,NA,NA,NA,0.02,0.0225,0.0025
"446",146,"DDlin.pos",20,10,100,1,0.75,0.25,0,0,NA,NA,NA,NA,NA,NA,NA,NA,NA,NA,NA,1,0.75,0.25,NA,NA,NA,0.045,0.035,0.01
"447",147,"DDlin.pos",20,10,100,1,0.5,0.25,0,0,NA,NA,NA,NA,NA,NA,NA,NA,NA,NA,NA,0.5,0.3,0.1,NA,NA,NA,0.02,0.01,0.0025
"448",148,"DDlin.pos",20,10,100,1,0.5,0.25,0,0,NA,NA,NA,NA,NA,NA,NA,NA,NA,NA,NA,1,0.5,0.25,NA,NA,NA,0.045,0.02,0.01
"449",149,"DDlin.pos",20,10,100,1,0.75,0,0,0,NA,NA,NA,NA,NA,NA,NA,NA,NA,NA,NA,0.5,0.5,0,NA,NA,NA,0.02,0.0225,0
"450",150,"DDlin.pos",20,10,100,1,0.75,0,0,0,NA,NA,NA,NA,NA,NA,NA,NA,NA,NA,NA,1,0.75,0,NA,NA,NA,0.045,0.035,0
"451",151,"DDlin.pos",20,10,100,1,0.5,0,0,0,NA,NA,NA,NA,NA,NA,NA,NA,NA,NA,NA,0.5,0.3,0,NA,NA,NA,0.02,0.01,0
"452",152,"DDlin.pos",20,10,100,1,0.5,0,0,0,NA,NA,NA,NA,NA,NA,NA,NA,NA,NA,NA,1,0.5,0,NA,NA,NA,0.045,0.02,0
"453",153,"DDlin.pos",20,10,100,1,0.75,0.25,0,0,NA,NA,NA,NA,NA,NA,NA,NA,NA,NA,NA,0.5,0.5,0.25,NA,NA,NA,0.01,0.0125,0
"454",154,"DDlin.pos",20,10,100,1,0.75,0.25,0,0,NA,NA,NA,NA,NA,NA,NA,NA,NA,NA,NA,1,0.75,0.25,NA,NA,NA,0.035,0.025,0
"455",155,"DDlin.pos",20,10,100,1,0.5,0.25,0,0,NA,NA,NA,NA,NA,NA,NA,NA,NA,NA,NA,0.5,0.3,0.25,NA,NA,NA,0.01,0.0025,0
"456",156,"DDlin.pos",20,10,100,1,0.5,0.25,0,0,NA,NA,NA,NA,NA,NA,NA,NA,NA,NA,NA,1,0.5,0.25,NA,NA,NA,0.035,0.0125,0
"457",157,"DDlin.pos",50,10,100,1,0.75,0.25,0,0,NA,NA,NA,NA,NA,NA,NA,NA,NA,NA,NA,0.5,0.5,0.1,NA,NA,NA,0.008,0.009,0.001
"458",158,"DDlin.pos",50,10,100,1,0.75,0.25,0,0,NA,NA,NA,NA,NA,NA,NA,NA,NA,NA,NA,1,0.75,0.25,NA,NA,NA,0.018,0.014,0.004
"459",159,"DDlin.pos",50,10,100,1,0.5,0.25,0,0,NA,NA,NA,NA,NA,NA,NA,NA,NA,NA,NA,0.5,0.3,0.1,NA,NA,NA,0.008,0.004,0.001
"460",160,"DDlin.pos",50,10,100,1,0.5,0.25,0,0,NA,NA,NA,NA,NA,NA,NA,NA,NA,NA,NA,1,0.5,0.25,NA,NA,NA,0.018,0.008,0.004
"461",161,"DDlin.pos",50,10,100,1,0.75,0,0,0,NA,NA,NA,NA,NA,NA,NA,NA,NA,NA,NA,0.5,0.5,0,NA,NA,NA,0.008,0.009,0
"462",162,"DDlin.pos",50,10,100,1,0.75,0,0,0,NA,NA,NA,NA,NA,NA,NA,NA,NA,NA,NA,1,0.75,0,NA,NA,NA,0.018,0.014,0
"463",163,"DDlin.pos",50,10,100,1,0.5,0,0,0,NA,NA,NA,NA,NA,NA,NA,NA,NA,NA,NA,0.5,0.3,0,NA,NA,NA,0.008,0.004,0
"464",164,"DDlin.pos",50,10,100,1,0.5,0,0,0,NA,NA,NA,NA,NA,NA,NA,NA,NA,NA,NA,1,0.5,0,NA,NA,NA,0.018,0.008,0
"465",165,"DDlin.pos",50,10,100,1,0.75,0.25,0,0,NA,NA,NA,NA,NA,NA,NA,NA,NA,NA,NA,0.5,0.5,0.25,NA,NA,NA,0.004,0.005,0
"466",166,"DDlin.pos",50,10,100,1,0.75,0.25,0,0,NA,NA,NA,NA,NA,NA,NA,NA,NA,NA,NA,1,0.75,0.25,NA,NA,NA,0.014,0.01,0
"467",167,"DDlin.pos",50,10,100,1,0.5,0.25,0,0,NA,NA,NA,NA,NA,NA,NA,NA,NA,NA,NA,0.5,0.3,0.25,NA,NA,NA,0.004,0.001,0
"468",168,"DDlin.pos",50,10,100,1,0.5,0.25,0,0,NA,NA,NA,NA,NA,NA,NA,NA,NA,NA,NA,1,0.5,0.25,NA,NA,NA,0.014,0.005,0
"469",169,"DDlin.pos",100,10,100,1,0.75,0.25,0,0,NA,NA,NA,NA,NA,NA,NA,NA,NA,NA,NA,0.5,0.5,0.1,NA,NA,NA,0.004,0.0045,5e-04
"470",170,"DDlin.pos",100,10,100,1,0.75,0.25,0,0,NA,NA,NA,NA,NA,NA,NA,NA,NA,NA,NA,1,0.75,0.25,NA,NA,NA,0.009,0.007,0.002
"471",171,"DDlin.pos",100,10,100,1,0.5,0.25,0,0,NA,NA,NA,NA,NA,NA,NA,NA,NA,NA,NA,0.5,0.3,0.1,NA,NA,NA,0.004,0.002,5e-04
"472",172,"DDlin.pos",100,10,100,1,0.5,0.25,0,0,NA,NA,NA,NA,NA,NA,NA,NA,NA,NA,NA,1,0.5,0.25,NA,NA,NA,0.009,0.004,0.002
"473",173,"DDlin.pos",100,10,100,1,0.75,0,0,0,NA,NA,NA,NA,NA,NA,NA,NA,NA,NA,NA,0.5,0.5,0,NA,NA,NA,0.004,0.0045,0
"474",174,"DDlin.pos",100,10,100,1,0.75,0,0,0,NA,NA,NA,NA,NA,NA,NA,NA,NA,NA,NA,1,0.75,0,NA,NA,NA,0.009,0.007,0
"475",175,"DDlin.pos",100,10,100,1,0.5,0,0,0,NA,NA,NA,NA,NA,NA,NA,NA,NA,NA,NA,0.5,0.3,0,NA,NA,NA,0.004,0.002,0
"476",176,"DDlin.pos",100,10,100,1,0.5,0,0,0,NA,NA,NA,NA,NA,NA,NA,NA,NA,NA,NA,1,0.5,0,NA,NA,NA,0.009,0.004,0
"477",177,"DDlin.pos",100,10,100,1,0.75,0.25,0,0,NA,NA,NA,NA,NA,NA,NA,NA,NA,NA,NA,0.5,0.5,0.25,NA,NA,NA,0.002,0.0025,0
"478",178,"DDlin.pos",100,10,100,1,0.75,0.25,0,0,NA,NA,NA,NA,NA,NA,NA,NA,NA,NA,NA,1,0.75,0.25,NA,NA,NA,0.007,0.005,0
"479",179,"DDlin.pos",100,10,100,1,0.5,0.25,0,0,NA,NA,NA,NA,NA,NA,NA,NA,NA,NA,NA,0.5,0.3,0.25,NA,NA,NA,0.002,5e-04,0
"480",180,"DDlin.pos",100,10,100,1,0.5,0.25,0,0,NA,NA,NA,NA,NA,NA,NA,NA,NA,NA,NA,1,0.5,0.25,NA,NA,NA,0.007,0.0025,0
"481",181,"DDlin.pos",150,10,100,1,0.75,0.25,0,0,NA,NA,NA,NA,NA,NA,NA,NA,NA,NA,NA,0.5,0.5,0.1,NA,NA,NA,0.00266666666666667,0.003,0.000333333333333333
"482",182,"DDlin.pos",150,10,100,1,0.75,0.25,0,0,NA,NA,NA,NA,NA,NA,NA,NA,NA,NA,NA,1,0.75,0.25,NA,NA,NA,0.006,0.00466666666666667,0.00133333333333333
"483",183,"DDlin.pos",150,10,100,1,0.5,0.25,0,0,NA,NA,NA,NA,NA,NA,NA,NA,NA,NA,NA,0.5,0.3,0.1,NA,NA,NA,0.00266666666666667,0.00133333333333333,0.000333333333333333
"484",184,"DDlin.pos",150,10,100,1,0.5,0.25,0,0,NA,NA,NA,NA,NA,NA,NA,NA,NA,NA,NA,1,0.5,0.25,NA,NA,NA,0.006,0.00266666666666667,0.00133333333333333
"485",185,"DDlin.pos",150,10,100,1,0.75,0,0,0,NA,NA,NA,NA,NA,NA,NA,NA,NA,NA,NA,0.5,0.5,0,NA,NA,NA,0.00266666666666667,0.003,0
"486",186,"DDlin.pos",150,10,100,1,0.75,0,0,0,NA,NA,NA,NA,NA,NA,NA,NA,NA,NA,NA,1,0.75,0,NA,NA,NA,0.006,0.00466666666666667,0
"487",187,"DDlin.pos",150,10,100,1,0.5,0,0,0,NA,NA,NA,NA,NA,NA,NA,NA,NA,NA,NA,0.5,0.3,0,NA,NA,NA,0.00266666666666667,0.00133333333333333,0
"488",188,"DDlin.pos",150,10,100,1,0.5,0,0,0,NA,NA,NA,NA,NA,NA,NA,NA,NA,NA,NA,1,0.5,0,NA,NA,NA,0.006,0.00266666666666667,0
"489",189,"DDlin.pos",150,10,100,1,0.75,0.25,0,0,NA,NA,NA,NA,NA,NA,NA,NA,NA,NA,NA,0.5,0.5,0.25,NA,NA,NA,0.00133333333333333,0.00166666666666667,0
"490",190,"DDlin.pos",150,10,100,1,0.75,0.25,0,0,NA,NA,NA,NA,NA,NA,NA,NA,NA,NA,NA,1,0.75,0.25,NA,NA,NA,0.00466666666666667,0.00333333333333333,0
"491",191,"DDlin.pos",150,10,100,1,0.5,0.25,0,0,NA,NA,NA,NA,NA,NA,NA,NA,NA,NA,NA,0.5,0.3,0.25,NA,NA,NA,0.00133333333333333,0.000333333333333333,0
"492",192,"DDlin.pos",150,10,100,1,0.5,0.25,0,0,NA,NA,NA,NA,NA,NA,NA,NA,NA,NA,NA,1,0.5,0.25,NA,NA,NA,0.00466666666666667,0.00166666666666667,0
